[2026-05-26 04:08:07] local.ERROR: could not find driver (Connection: sqlite, SQL: PRAGMA foreign_keys = ON;) {"exception":"[object] (Illuminate\\Database\\QueryException(code: 0): could not find driver (Connection: sqlite, SQL: PRAGMA foreign_keys = ON;) at /home/mathias/Escritorio/Archivos/Project SentinelOps/vendor/laravel/framework/src/Illuminate/Database/Connection.php:829)
[stacktrace]
#0 /home/mathias/Escritorio/Archivos/Project SentinelOps/vendor/laravel/framework/src/Illuminate/Database/Connection.php(783): Illuminate\\Database\\Connection->runQueryCallback()
#1 /home/mathias/Escritorio/Archivos/Project SentinelOps/vendor/laravel/framework/src/Illuminate/Database/Connection.php(576): Illuminate\\Database\\Connection->run()
#2 /home/mathias/Escritorio/Archivos/Project SentinelOps/vendor/laravel/framework/src/Illuminate/Database/Schema/Builder.php(560): Illuminate\\Database\\Connection->statement()
#3 /home/mathias/Escritorio/Archivos/Project SentinelOps/vendor/laravel/framework/src/Illuminate/Database/SQLiteConnection.php(36): Illuminate\\Database\\Schema\\Builder->enableForeignKeyConstraints()
#4 /home/mathias/Escritorio/Archivos/Project SentinelOps/vendor/laravel/framework/src/Illuminate/Database/Connectors/ConnectionFactory.php(272): Illuminate\\Database\\SQLiteConnection->__construct()
#5 /home/mathias/Escritorio/Archivos/Project SentinelOps/vendor/laravel/framework/src/Illuminate/Database/Connectors/ConnectionFactory.php(75): Illuminate\\Database\\Connectors\\ConnectionFactory->createConnection()
#6 /home/mathias/Escritorio/Archivos/Project SentinelOps/vendor/laravel/framework/src/Illuminate/Database/Connectors/ConnectionFactory.php(50): Illuminate\\Database\\Connectors\\ConnectionFactory->createSingleConnection()
#7 /home/mathias/Escritorio/Archivos/Project SentinelOps/vendor/laravel/framework/src/Illuminate/Database/DatabaseManager.php(175): Illuminate\\Database\\Connectors\\ConnectionFactory->make()
#8 /home/mathias/Escritorio/Archivos/Project SentinelOps/vendor/laravel/framework/src/Illuminate/Database/DatabaseManager.php(101): Illuminate\\Database\\DatabaseManager->makeConnection()
#9 /home/mathias/Escritorio/Archivos/Project SentinelOps/vendor/laravel/framework/src/Illuminate/Database/Console/WipeCommand.php(69): Illuminate\\Database\\DatabaseManager->connection()
#10 /home/mathias/Escritorio/Archivos/Project SentinelOps/vendor/laravel/framework/src/Illuminate/Database/Console/WipeCommand.php(48): Illuminate\\Database\\Console\\WipeCommand->dropAllTables()
#11 /home/mathias/Escritorio/Archivos/Project SentinelOps/vendor/laravel/framework/src/Illuminate/Container/BoundMethod.php(36): Illuminate\\Database\\Console\\WipeCommand->handle()
#12 /home/mathias/Escritorio/Archivos/Project SentinelOps/vendor/laravel/framework/src/Illuminate/Container/Util.php(41): Illuminate\\Container\\BoundMethod::{closure:Illuminate\\Container\\BoundMethod::call():35}()
#13 /home/mathias/Escritorio/Archivos/Project SentinelOps/vendor/laravel/framework/src/Illuminate/Container/BoundMethod.php(93): Illuminate\\Container\\Util::unwrapIfClosure()
#14 /home/mathias/Escritorio/Archivos/Project SentinelOps/vendor/laravel/framework/src/Illuminate/Container/BoundMethod.php(35): Illuminate\\Container\\BoundMethod::callBoundMethod()
#15 /home/mathias/Escritorio/Archivos/Project SentinelOps/vendor/laravel/framework/src/Illuminate/Container/Container.php(662): Illuminate\\Container\\BoundMethod::call()
#16 /home/mathias/Escritorio/Archivos/Project SentinelOps/vendor/laravel/framework/src/Illuminate/Console/Command.php(211): Illuminate\\Container\\Container->call()
#17 /home/mathias/Escritorio/Archivos/Project SentinelOps/vendor/symfony/console/Command/Command.php(326): Illuminate\\Console\\Command->execute()
#18 /home/mathias/Escritorio/Archivos/Project SentinelOps/vendor/laravel/framework/src/Illuminate/Console/Command.php(180): Symfony\\Component\\Console\\Command\\Command->run()
#19 /home/mathias/Escritorio/Archivos/Project SentinelOps/vendor/laravel/framework/src/Illuminate/Console/Concerns/CallsCommands.php(67): Illuminate\\Console\\Command->run()
#20 /home/mathias/Escritorio/Archivos/Project SentinelOps/vendor/laravel/framework/src/Illuminate/Console/Concerns/CallsCommands.php(40): Illuminate\\Console\\Command->runCommand()
#21 /home/mathias/Escritorio/Archivos/Project SentinelOps/vendor/laravel/framework/src/Illuminate/Database/Console/Migrations/FreshCommand.php(44): Illuminate\\Console\\Command->callSilent()
#22 /home/mathias/Escritorio/Archivos/Project SentinelOps/vendor/laravel/framework/src/Illuminate/Console/View/Components/Task.php(37): Illuminate\\Database\\Console\\Migrations\\FreshCommand->{closure:Illuminate\\Database\\Console\\Migrations\\FreshCommand::handle():44}()
#23 /home/mathias/Escritorio/Archivos/Project SentinelOps/vendor/laravel/framework/src/Illuminate/Console/View/Components/Factory.php(58): Illuminate\\Console\\View\\Components\\Task->render()
#24 /home/mathias/Escritorio/Archivos/Project SentinelOps/vendor/laravel/framework/src/Illuminate/Database/Console/Migrations/FreshCommand.php(44): Illuminate\\Console\\View\\Components\\Factory->__call()
#25 /home/mathias/Escritorio/Archivos/Project SentinelOps/vendor/laravel/framework/src/Illuminate/Container/BoundMethod.php(36): Illuminate\\Database\\Console\\Migrations\\FreshCommand->handle()
#26 /home/mathias/Escritorio/Archivos/Project SentinelOps/vendor/laravel/framework/src/Illuminate/Container/Util.php(41): Illuminate\\Container\\BoundMethod::{closure:Illuminate\\Container\\BoundMethod::call():35}()
#27 /home/mathias/Escritorio/Archivos/Project SentinelOps/vendor/laravel/framework/src/Illuminate/Container/BoundMethod.php(93): Illuminate\\Container\\Util::unwrapIfClosure()
#28 /home/mathias/Escritorio/Archivos/Project SentinelOps/vendor/laravel/framework/src/Illuminate/Container/BoundMethod.php(35): Illuminate\\Container\\BoundMethod::callBoundMethod()
#29 /home/mathias/Escritorio/Archivos/Project SentinelOps/vendor/laravel/framework/src/Illuminate/Container/Container.php(662): Illuminate\\Container\\BoundMethod::call()
#30 /home/mathias/Escritorio/Archivos/Project SentinelOps/vendor/laravel/framework/src/Illuminate/Console/Command.php(211): Illuminate\\Container\\Container->call()
#31 /home/mathias/Escritorio/Archivos/Project SentinelOps/vendor/symfony/console/Command/Command.php(326): Illuminate\\Console\\Command->execute()
#32 /home/mathias/Escritorio/Archivos/Project SentinelOps/vendor/laravel/framework/src/Illuminate/Console/Command.php(180): Symfony\\Component\\Console\\Command\\Command->run()
#33 /home/mathias/Escritorio/Archivos/Project SentinelOps/vendor/symfony/console/Application.php(1121): Illuminate\\Console\\Command->run()
#34 /home/mathias/Escritorio/Archivos/Project SentinelOps/vendor/symfony/console/Application.php(324): Symfony\\Component\\Console\\Application->doRunCommand()
#35 /home/mathias/Escritorio/Archivos/Project SentinelOps/vendor/symfony/console/Application.php(175): Symfony\\Component\\Console\\Application->doRun()
#36 /home/mathias/Escritorio/Archivos/Project SentinelOps/vendor/laravel/framework/src/Illuminate/Foundation/Console/Kernel.php(201): Symfony\\Component\\Console\\Application->run()
#37 /home/mathias/Escritorio/Archivos/Project SentinelOps/artisan(35): Illuminate\\Foundation\\Console\\Kernel->handle()
#38 {main}

[previous exception] [object] (PDOException(code: 0): could not find driver at /home/mathias/Escritorio/Archivos/Project SentinelOps/vendor/laravel/framework/src/Illuminate/Database/Connectors/Connector.php:65)
[stacktrace]
#0 /home/mathias/Escritorio/Archivos/Project SentinelOps/vendor/laravel/framework/src/Illuminate/Database/Connectors/Connector.php(65): PDO->__construct()
#1 /home/mathias/Escritorio/Archivos/Project SentinelOps/vendor/laravel/framework/src/Illuminate/Database/Connectors/Connector.php(44): Illuminate\\Database\\Connectors\\Connector->createPdoConnection()
#2 /home/mathias/Escritorio/Archivos/Project SentinelOps/vendor/laravel/framework/src/Illuminate/Database/Connectors/SQLiteConnector.php(37): Illuminate\\Database\\Connectors\\Connector->createConnection()
#3 /home/mathias/Escritorio/Archivos/Project SentinelOps/vendor/laravel/framework/src/Illuminate/Database/Connectors/ConnectionFactory.php(221): Illuminate\\Database\\Connectors\\SQLiteConnector->connect()
#4 [internal function]: Illuminate\\Database\\Connectors\\ConnectionFactory->{closure:Illuminate\\Database\\Connectors\\ConnectionFactory::createPdoResolverWithoutHosts():221}()
#5 /home/mathias/Escritorio/Archivos/Project SentinelOps/vendor/laravel/framework/src/Illuminate/Database/Connection.php(1339): call_user_func()
#6 /home/mathias/Escritorio/Archivos/Project SentinelOps/vendor/laravel/framework/src/Illuminate/Database/Connection.php(581): Illuminate\\Database\\Connection->getPdo()
#7 /home/mathias/Escritorio/Archivos/Project SentinelOps/vendor/laravel/framework/src/Illuminate/Database/Connection.php(816): Illuminate\\Database\\Connection->{closure:Illuminate\\Database\\Connection::statement():576}()
#8 /home/mathias/Escritorio/Archivos/Project SentinelOps/vendor/laravel/framework/src/Illuminate/Database/Connection.php(783): Illuminate\\Database\\Connection->runQueryCallback()
#9 /home/mathias/Escritorio/Archivos/Project SentinelOps/vendor/laravel/framework/src/Illuminate/Database/Connection.php(576): Illuminate\\Database\\Connection->run()
#10 /home/mathias/Escritorio/Archivos/Project SentinelOps/vendor/laravel/framework/src/Illuminate/Database/Schema/Builder.php(560): Illuminate\\Database\\Connection->statement()
#11 /home/mathias/Escritorio/Archivos/Project SentinelOps/vendor/laravel/framework/src/Illuminate/Database/SQLiteConnection.php(36): Illuminate\\Database\\Schema\\Builder->enableForeignKeyConstraints()
#12 /home/mathias/Escritorio/Archivos/Project SentinelOps/vendor/laravel/framework/src/Illuminate/Database/Connectors/ConnectionFactory.php(272): Illuminate\\Database\\SQLiteConnection->__construct()
#13 /home/mathias/Escritorio/Archivos/Project SentinelOps/vendor/laravel/framework/src/Illuminate/Database/Connectors/ConnectionFactory.php(75): Illuminate\\Database\\Connectors\\ConnectionFactory->createConnection()
#14 /home/mathias/Escritorio/Archivos/Project SentinelOps/vendor/laravel/framework/src/Illuminate/Database/Connectors/ConnectionFactory.php(50): Illuminate\\Database\\Connectors\\ConnectionFactory->createSingleConnection()
#15 /home/mathias/Escritorio/Archivos/Project SentinelOps/vendor/laravel/framework/src/Illuminate/Database/DatabaseManager.php(175): Illuminate\\Database\\Connectors\\ConnectionFactory->make()
#16 /home/mathias/Escritorio/Archivos/Project SentinelOps/vendor/laravel/framework/src/Illuminate/Database/DatabaseManager.php(101): Illuminate\\Database\\DatabaseManager->makeConnection()
#17 /home/mathias/Escritorio/Archivos/Project SentinelOps/vendor/laravel/framework/src/Illuminate/Database/Console/WipeCommand.php(69): Illuminate\\Database\\DatabaseManager->connection()
#18 /home/mathias/Escritorio/Archivos/Project SentinelOps/vendor/laravel/framework/src/Illuminate/Database/Console/WipeCommand.php(48): Illuminate\\Database\\Console\\WipeCommand->dropAllTables()
#19 /home/mathias/Escritorio/Archivos/Project SentinelOps/vendor/laravel/framework/src/Illuminate/Container/BoundMethod.php(36): Illuminate\\Database\\Console\\WipeCommand->handle()
#20 /home/mathias/Escritorio/Archivos/Project SentinelOps/vendor/laravel/framework/src/Illuminate/Container/Util.php(41): Illuminate\\Container\\BoundMethod::{closure:Illuminate\\Container\\BoundMethod::call():35}()
#21 /home/mathias/Escritorio/Archivos/Project SentinelOps/vendor/laravel/framework/src/Illuminate/Container/BoundMethod.php(93): Illuminate\\Container\\Util::unwrapIfClosure()
#22 /home/mathias/Escritorio/Archivos/Project SentinelOps/vendor/laravel/framework/src/Illuminate/Container/BoundMethod.php(35): Illuminate\\Container\\BoundMethod::callBoundMethod()
#23 /home/mathias/Escritorio/Archivos/Project SentinelOps/vendor/laravel/framework/src/Illuminate/Container/Container.php(662): Illuminate\\Container\\BoundMethod::call()
#24 /home/mathias/Escritorio/Archivos/Project SentinelOps/vendor/laravel/framework/src/Illuminate/Console/Command.php(211): Illuminate\\Container\\Container->call()
#25 /home/mathias/Escritorio/Archivos/Project SentinelOps/vendor/symfony/console/Command/Command.php(326): Illuminate\\Console\\Command->execute()
#26 /home/mathias/Escritorio/Archivos/Project SentinelOps/vendor/laravel/framework/src/Illuminate/Console/Command.php(180): Symfony\\Component\\Console\\Command\\Command->run()
#27 /home/mathias/Escritorio/Archivos/Project SentinelOps/vendor/laravel/framework/src/Illuminate/Console/Concerns/CallsCommands.php(67): Illuminate\\Console\\Command->run()
#28 /home/mathias/Escritorio/Archivos/Project SentinelOps/vendor/laravel/framework/src/Illuminate/Console/Concerns/CallsCommands.php(40): Illuminate\\Console\\Command->runCommand()
#29 /home/mathias/Escritorio/Archivos/Project SentinelOps/vendor/laravel/framework/src/Illuminate/Database/Console/Migrations/FreshCommand.php(44): Illuminate\\Console\\Command->callSilent()
#30 /home/mathias/Escritorio/Archivos/Project SentinelOps/vendor/laravel/framework/src/Illuminate/Console/View/Components/Task.php(37): Illuminate\\Database\\Console\\Migrations\\FreshCommand->{closure:Illuminate\\Database\\Console\\Migrations\\FreshCommand::handle():44}()
#31 /home/mathias/Escritorio/Archivos/Project SentinelOps/vendor/laravel/framework/src/Illuminate/Console/View/Components/Factory.php(58): Illuminate\\Console\\View\\Components\\Task->render()
#32 /home/mathias/Escritorio/Archivos/Project SentinelOps/vendor/laravel/framework/src/Illuminate/Database/Console/Migrations/FreshCommand.php(44): Illuminate\\Console\\View\\Components\\Factory->__call()
#33 /home/mathias/Escritorio/Archivos/Project SentinelOps/vendor/laravel/framework/src/Illuminate/Container/BoundMethod.php(36): Illuminate\\Database\\Console\\Migrations\\FreshCommand->handle()
#34 /home/mathias/Escritorio/Archivos/Project SentinelOps/vendor/laravel/framework/src/Illuminate/Container/Util.php(41): Illuminate\\Container\\BoundMethod::{closure:Illuminate\\Container\\BoundMethod::call():35}()
#35 /home/mathias/Escritorio/Archivos/Project SentinelOps/vendor/laravel/framework/src/Illuminate/Container/BoundMethod.php(93): Illuminate\\Container\\Util::unwrapIfClosure()
#36 /home/mathias/Escritorio/Archivos/Project SentinelOps/vendor/laravel/framework/src/Illuminate/Container/BoundMethod.php(35): Illuminate\\Container\\BoundMethod::callBoundMethod()
#37 /home/mathias/Escritorio/Archivos/Project SentinelOps/vendor/laravel/framework/src/Illuminate/Container/Container.php(662): Illuminate\\Container\\BoundMethod::call()
#38 /home/mathias/Escritorio/Archivos/Project SentinelOps/vendor/laravel/framework/src/Illuminate/Console/Command.php(211): Illuminate\\Container\\Container->call()
#39 /home/mathias/Escritorio/Archivos/Project SentinelOps/vendor/symfony/console/Command/Command.php(326): Illuminate\\Console\\Command->execute()
#40 /home/mathias/Escritorio/Archivos/Project SentinelOps/vendor/laravel/framework/src/Illuminate/Console/Command.php(180): Symfony\\Component\\Console\\Command\\Command->run()
#41 /home/mathias/Escritorio/Archivos/Project SentinelOps/vendor/symfony/console/Application.php(1121): Illuminate\\Console\\Command->run()
#42 /home/mathias/Escritorio/Archivos/Project SentinelOps/vendor/symfony/console/Application.php(324): Symfony\\Component\\Console\\Application->doRunCommand()
#43 /home/mathias/Escritorio/Archivos/Project SentinelOps/vendor/symfony/console/Application.php(175): Symfony\\Component\\Console\\Application->doRun()
#44 /home/mathias/Escritorio/Archivos/Project SentinelOps/vendor/laravel/framework/src/Illuminate/Foundation/Console/Kernel.php(201): Symfony\\Component\\Console\\Application->run()
#45 /home/mathias/Escritorio/Archivos/Project SentinelOps/artisan(35): Illuminate\\Foundation\\Console\\Kernel->handle()
#46 {main}
"} 
[2026-05-26 04:16:24] local.ERROR: could not find driver (Connection: sqlite, SQL: PRAGMA foreign_keys = ON;) {"exception":"[object] (Illuminate\\Database\\QueryException(code: 0): could not find driver (Connection: sqlite, SQL: PRAGMA foreign_keys = ON;) at /home/mathias/Escritorio/Archivos/Project SentinelOps/vendor/laravel/framework/src/Illuminate/Database/Connection.php:829)
[stacktrace]
#0 /home/mathias/Escritorio/Archivos/Project SentinelOps/vendor/laravel/framework/src/Illuminate/Database/Connection.php(783): Illuminate\\Database\\Connection->runQueryCallback()
#1 /home/mathias/Escritorio/Archivos/Project SentinelOps/vendor/laravel/framework/src/Illuminate/Database/Connection.php(576): Illuminate\\Database\\Connection->run()
#2 /home/mathias/Escritorio/Archivos/Project SentinelOps/vendor/laravel/framework/src/Illuminate/Database/Schema/Builder.php(560): Illuminate\\Database\\Connection->statement()
#3 /home/mathias/Escritorio/Archivos/Project SentinelOps/vendor/laravel/framework/src/Illuminate/Database/SQLiteConnection.php(36): Illuminate\\Database\\Schema\\Builder->enableForeignKeyConstraints()
#4 /home/mathias/Escritorio/Archivos/Project SentinelOps/vendor/laravel/framework/src/Illuminate/Database/Connectors/ConnectionFactory.php(272): Illuminate\\Database\\SQLiteConnection->__construct()
#5 /home/mathias/Escritorio/Archivos/Project SentinelOps/vendor/laravel/framework/src/Illuminate/Database/Connectors/ConnectionFactory.php(75): Illuminate\\Database\\Connectors\\ConnectionFactory->createConnection()
#6 /home/mathias/Escritorio/Archivos/Project SentinelOps/vendor/laravel/framework/src/Illuminate/Database/Connectors/ConnectionFactory.php(50): Illuminate\\Database\\Connectors\\ConnectionFactory->createSingleConnection()
#7 /home/mathias/Escritorio/Archivos/Project SentinelOps/vendor/laravel/framework/src/Illuminate/Database/DatabaseManager.php(175): Illuminate\\Database\\Connectors\\ConnectionFactory->make()
#8 /home/mathias/Escritorio/Archivos/Project SentinelOps/vendor/laravel/framework/src/Illuminate/Database/DatabaseManager.php(101): Illuminate\\Database\\DatabaseManager->makeConnection()
#9 /home/mathias/Escritorio/Archivos/Project SentinelOps/vendor/laravel/framework/src/Illuminate/Database/Console/WipeCommand.php(69): Illuminate\\Database\\DatabaseManager->connection()
#10 /home/mathias/Escritorio/Archivos/Project SentinelOps/vendor/laravel/framework/src/Illuminate/Database/Console/WipeCommand.php(48): Illuminate\\Database\\Console\\WipeCommand->dropAllTables()
#11 /home/mathias/Escritorio/Archivos/Project SentinelOps/vendor/laravel/framework/src/Illuminate/Container/BoundMethod.php(36): Illuminate\\Database\\Console\\WipeCommand->handle()
#12 /home/mathias/Escritorio/Archivos/Project SentinelOps/vendor/laravel/framework/src/Illuminate/Container/Util.php(41): Illuminate\\Container\\BoundMethod::{closure:Illuminate\\Container\\BoundMethod::call():35}()
#13 /home/mathias/Escritorio/Archivos/Project SentinelOps/vendor/laravel/framework/src/Illuminate/Container/BoundMethod.php(93): Illuminate\\Container\\Util::unwrapIfClosure()
#14 /home/mathias/Escritorio/Archivos/Project SentinelOps/vendor/laravel/framework/src/Illuminate/Container/BoundMethod.php(35): Illuminate\\Container\\BoundMethod::callBoundMethod()
#15 /home/mathias/Escritorio/Archivos/Project SentinelOps/vendor/laravel/framework/src/Illuminate/Container/Container.php(662): Illuminate\\Container\\BoundMethod::call()
#16 /home/mathias/Escritorio/Archivos/Project SentinelOps/vendor/laravel/framework/src/Illuminate/Console/Command.php(211): Illuminate\\Container\\Container->call()
#17 /home/mathias/Escritorio/Archivos/Project SentinelOps/vendor/symfony/console/Command/Command.php(326): Illuminate\\Console\\Command->execute()
#18 /home/mathias/Escritorio/Archivos/Project SentinelOps/vendor/laravel/framework/src/Illuminate/Console/Command.php(180): Symfony\\Component\\Console\\Command\\Command->run()
#19 /home/mathias/Escritorio/Archivos/Project SentinelOps/vendor/laravel/framework/src/Illuminate/Console/Concerns/CallsCommands.php(67): Illuminate\\Console\\Command->run()
#20 /home/mathias/Escritorio/Archivos/Project SentinelOps/vendor/laravel/framework/src/Illuminate/Console/Concerns/CallsCommands.php(40): Illuminate\\Console\\Command->runCommand()
#21 /home/mathias/Escritorio/Archivos/Project SentinelOps/vendor/laravel/framework/src/Illuminate/Database/Console/Migrations/FreshCommand.php(44): Illuminate\\Console\\Command->callSilent()
#22 /home/mathias/Escritorio/Archivos/Project SentinelOps/vendor/laravel/framework/src/Illuminate/Console/View/Components/Task.php(37): Illuminate\\Database\\Console\\Migrations\\FreshCommand->{closure:Illuminate\\Database\\Console\\Migrations\\FreshCommand::handle():44}()
#23 /home/mathias/Escritorio/Archivos/Project SentinelOps/vendor/laravel/framework/src/Illuminate/Console/View/Components/Factory.php(58): Illuminate\\Console\\View\\Components\\Task->render()
#24 /home/mathias/Escritorio/Archivos/Project SentinelOps/vendor/laravel/framework/src/Illuminate/Database/Console/Migrations/FreshCommand.php(44): Illuminate\\Console\\View\\Components\\Factory->__call()
#25 /home/mathias/Escritorio/Archivos/Project SentinelOps/vendor/laravel/framework/src/Illuminate/Container/BoundMethod.php(36): Illuminate\\Database\\Console\\Migrations\\FreshCommand->handle()
#26 /home/mathias/Escritorio/Archivos/Project SentinelOps/vendor/laravel/framework/src/Illuminate/Container/Util.php(41): Illuminate\\Container\\BoundMethod::{closure:Illuminate\\Container\\BoundMethod::call():35}()
#27 /home/mathias/Escritorio/Archivos/Project SentinelOps/vendor/laravel/framework/src/Illuminate/Container/BoundMethod.php(93): Illuminate\\Container\\Util::unwrapIfClosure()
#28 /home/mathias/Escritorio/Archivos/Project SentinelOps/vendor/laravel/framework/src/Illuminate/Container/BoundMethod.php(35): Illuminate\\Container\\BoundMethod::callBoundMethod()
#29 /home/mathias/Escritorio/Archivos/Project SentinelOps/vendor/laravel/framework/src/Illuminate/Container/Container.php(662): Illuminate\\Container\\BoundMethod::call()
#30 /home/mathias/Escritorio/Archivos/Project SentinelOps/vendor/laravel/framework/src/Illuminate/Console/Command.php(211): Illuminate\\Container\\Container->call()
#31 /home/mathias/Escritorio/Archivos/Project SentinelOps/vendor/symfony/console/Command/Command.php(326): Illuminate\\Console\\Command->execute()
#32 /home/mathias/Escritorio/Archivos/Project SentinelOps/vendor/laravel/framework/src/Illuminate/Console/Command.php(180): Symfony\\Component\\Console\\Command\\Command->run()
#33 /home/mathias/Escritorio/Archivos/Project SentinelOps/vendor/symfony/console/Application.php(1121): Illuminate\\Console\\Command->run()
#34 /home/mathias/Escritorio/Archivos/Project SentinelOps/vendor/symfony/console/Application.php(324): Symfony\\Component\\Console\\Application->doRunCommand()
#35 /home/mathias/Escritorio/Archivos/Project SentinelOps/vendor/symfony/console/Application.php(175): Symfony\\Component\\Console\\Application->doRun()
#36 /home/mathias/Escritorio/Archivos/Project SentinelOps/vendor/laravel/framework/src/Illuminate/Foundation/Console/Kernel.php(201): Symfony\\Component\\Console\\Application->run()
#37 /home/mathias/Escritorio/Archivos/Project SentinelOps/artisan(35): Illuminate\\Foundation\\Console\\Kernel->handle()
#38 {main}

[previous exception] [object] (PDOException(code: 0): could not find driver at /home/mathias/Escritorio/Archivos/Project SentinelOps/vendor/laravel/framework/src/Illuminate/Database/Connectors/Connector.php:65)
[stacktrace]
#0 /home/mathias/Escritorio/Archivos/Project SentinelOps/vendor/laravel/framework/src/Illuminate/Database/Connectors/Connector.php(65): PDO->__construct()
#1 /home/mathias/Escritorio/Archivos/Project SentinelOps/vendor/laravel/framework/src/Illuminate/Database/Connectors/Connector.php(44): Illuminate\\Database\\Connectors\\Connector->createPdoConnection()
#2 /home/mathias/Escritorio/Archivos/Project SentinelOps/vendor/laravel/framework/src/Illuminate/Database/Connectors/SQLiteConnector.php(37): Illuminate\\Database\\Connectors\\Connector->createConnection()
#3 /home/mathias/Escritorio/Archivos/Project SentinelOps/vendor/laravel/framework/src/Illuminate/Database/Connectors/ConnectionFactory.php(221): Illuminate\\Database\\Connectors\\SQLiteConnector->connect()
#4 [internal function]: Illuminate\\Database\\Connectors\\ConnectionFactory->{closure:Illuminate\\Database\\Connectors\\ConnectionFactory::createPdoResolverWithoutHosts():221}()
#5 /home/mathias/Escritorio/Archivos/Project SentinelOps/vendor/laravel/framework/src/Illuminate/Database/Connection.php(1339): call_user_func()
#6 /home/mathias/Escritorio/Archivos/Project SentinelOps/vendor/laravel/framework/src/Illuminate/Database/Connection.php(581): Illuminate\\Database\\Connection->getPdo()
#7 /home/mathias/Escritorio/Archivos/Project SentinelOps/vendor/laravel/framework/src/Illuminate/Database/Connection.php(816): Illuminate\\Database\\Connection->{closure:Illuminate\\Database\\Connection::statement():576}()
#8 /home/mathias/Escritorio/Archivos/Project SentinelOps/vendor/laravel/framework/src/Illuminate/Database/Connection.php(783): Illuminate\\Database\\Connection->runQueryCallback()
#9 /home/mathias/Escritorio/Archivos/Project SentinelOps/vendor/laravel/framework/src/Illuminate/Database/Connection.php(576): Illuminate\\Database\\Connection->run()
#10 /home/mathias/Escritorio/Archivos/Project SentinelOps/vendor/laravel/framework/src/Illuminate/Database/Schema/Builder.php(560): Illuminate\\Database\\Connection->statement()
#11 /home/mathias/Escritorio/Archivos/Project SentinelOps/vendor/laravel/framework/src/Illuminate/Database/SQLiteConnection.php(36): Illuminate\\Database\\Schema\\Builder->enableForeignKeyConstraints()
#12 /home/mathias/Escritorio/Archivos/Project SentinelOps/vendor/laravel/framework/src/Illuminate/Database/Connectors/ConnectionFactory.php(272): Illuminate\\Database\\SQLiteConnection->__construct()
#13 /home/mathias/Escritorio/Archivos/Project SentinelOps/vendor/laravel/framework/src/Illuminate/Database/Connectors/ConnectionFactory.php(75): Illuminate\\Database\\Connectors\\ConnectionFactory->createConnection()
#14 /home/mathias/Escritorio/Archivos/Project SentinelOps/vendor/laravel/framework/src/Illuminate/Database/Connectors/ConnectionFactory.php(50): Illuminate\\Database\\Connectors\\ConnectionFactory->createSingleConnection()
#15 /home/mathias/Escritorio/Archivos/Project SentinelOps/vendor/laravel/framework/src/Illuminate/Database/DatabaseManager.php(175): Illuminate\\Database\\Connectors\\ConnectionFactory->make()
#16 /home/mathias/Escritorio/Archivos/Project SentinelOps/vendor/laravel/framework/src/Illuminate/Database/DatabaseManager.php(101): Illuminate\\Database\\DatabaseManager->makeConnection()
#17 /home/mathias/Escritorio/Archivos/Project SentinelOps/vendor/laravel/framework/src/Illuminate/Database/Console/WipeCommand.php(69): Illuminate\\Database\\DatabaseManager->connection()
#18 /home/mathias/Escritorio/Archivos/Project SentinelOps/vendor/laravel/framework/src/Illuminate/Database/Console/WipeCommand.php(48): Illuminate\\Database\\Console\\WipeCommand->dropAllTables()
#19 /home/mathias/Escritorio/Archivos/Project SentinelOps/vendor/laravel/framework/src/Illuminate/Container/BoundMethod.php(36): Illuminate\\Database\\Console\\WipeCommand->handle()
#20 /home/mathias/Escritorio/Archivos/Project SentinelOps/vendor/laravel/framework/src/Illuminate/Container/Util.php(41): Illuminate\\Container\\BoundMethod::{closure:Illuminate\\Container\\BoundMethod::call():35}()
#21 /home/mathias/Escritorio/Archivos/Project SentinelOps/vendor/laravel/framework/src/Illuminate/Container/BoundMethod.php(93): Illuminate\\Container\\Util::unwrapIfClosure()
#22 /home/mathias/Escritorio/Archivos/Project SentinelOps/vendor/laravel/framework/src/Illuminate/Container/BoundMethod.php(35): Illuminate\\Container\\BoundMethod::callBoundMethod()
#23 /home/mathias/Escritorio/Archivos/Project SentinelOps/vendor/laravel/framework/src/Illuminate/Container/Container.php(662): Illuminate\\Container\\BoundMethod::call()
#24 /home/mathias/Escritorio/Archivos/Project SentinelOps/vendor/laravel/framework/src/Illuminate/Console/Command.php(211): Illuminate\\Container\\Container->call()
#25 /home/mathias/Escritorio/Archivos/Project SentinelOps/vendor/symfony/console/Command/Command.php(326): Illuminate\\Console\\Command->execute()
#26 /home/mathias/Escritorio/Archivos/Project SentinelOps/vendor/laravel/framework/src/Illuminate/Console/Command.php(180): Symfony\\Component\\Console\\Command\\Command->run()
#27 /home/mathias/Escritorio/Archivos/Project SentinelOps/vendor/laravel/framework/src/Illuminate/Console/Concerns/CallsCommands.php(67): Illuminate\\Console\\Command->run()
#28 /home/mathias/Escritorio/Archivos/Project SentinelOps/vendor/laravel/framework/src/Illuminate/Console/Concerns/CallsCommands.php(40): Illuminate\\Console\\Command->runCommand()
#29 /home/mathias/Escritorio/Archivos/Project SentinelOps/vendor/laravel/framework/src/Illuminate/Database/Console/Migrations/FreshCommand.php(44): Illuminate\\Console\\Command->callSilent()
#30 /home/mathias/Escritorio/Archivos/Project SentinelOps/vendor/laravel/framework/src/Illuminate/Console/View/Components/Task.php(37): Illuminate\\Database\\Console\\Migrations\\FreshCommand->{closure:Illuminate\\Database\\Console\\Migrations\\FreshCommand::handle():44}()
#31 /home/mathias/Escritorio/Archivos/Project SentinelOps/vendor/laravel/framework/src/Illuminate/Console/View/Components/Factory.php(58): Illuminate\\Console\\View\\Components\\Task->render()
#32 /home/mathias/Escritorio/Archivos/Project SentinelOps/vendor/laravel/framework/src/Illuminate/Database/Console/Migrations/FreshCommand.php(44): Illuminate\\Console\\View\\Components\\Factory->__call()
#33 /home/mathias/Escritorio/Archivos/Project SentinelOps/vendor/laravel/framework/src/Illuminate/Container/BoundMethod.php(36): Illuminate\\Database\\Console\\Migrations\\FreshCommand->handle()
#34 /home/mathias/Escritorio/Archivos/Project SentinelOps/vendor/laravel/framework/src/Illuminate/Container/Util.php(41): Illuminate\\Container\\BoundMethod::{closure:Illuminate\\Container\\BoundMethod::call():35}()
#35 /home/mathias/Escritorio/Archivos/Project SentinelOps/vendor/laravel/framework/src/Illuminate/Container/BoundMethod.php(93): Illuminate\\Container\\Util::unwrapIfClosure()
#36 /home/mathias/Escritorio/Archivos/Project SentinelOps/vendor/laravel/framework/src/Illuminate/Container/BoundMethod.php(35): Illuminate\\Container\\BoundMethod::callBoundMethod()
#37 /home/mathias/Escritorio/Archivos/Project SentinelOps/vendor/laravel/framework/src/Illuminate/Container/Container.php(662): Illuminate\\Container\\BoundMethod::call()
#38 /home/mathias/Escritorio/Archivos/Project SentinelOps/vendor/laravel/framework/src/Illuminate/Console/Command.php(211): Illuminate\\Container\\Container->call()
#39 /home/mathias/Escritorio/Archivos/Project SentinelOps/vendor/symfony/console/Command/Command.php(326): Illuminate\\Console\\Command->execute()
#40 /home/mathias/Escritorio/Archivos/Project SentinelOps/vendor/laravel/framework/src/Illuminate/Console/Command.php(180): Symfony\\Component\\Console\\Command\\Command->run()
#41 /home/mathias/Escritorio/Archivos/Project SentinelOps/vendor/symfony/console/Application.php(1121): Illuminate\\Console\\Command->run()
#42 /home/mathias/Escritorio/Archivos/Project SentinelOps/vendor/symfony/console/Application.php(324): Symfony\\Component\\Console\\Application->doRunCommand()
#43 /home/mathias/Escritorio/Archivos/Project SentinelOps/vendor/symfony/console/Application.php(175): Symfony\\Component\\Console\\Application->doRun()
#44 /home/mathias/Escritorio/Archivos/Project SentinelOps/vendor/laravel/framework/src/Illuminate/Foundation/Console/Kernel.php(201): Symfony\\Component\\Console\\Application->run()
#45 /home/mathias/Escritorio/Archivos/Project SentinelOps/artisan(35): Illuminate\\Foundation\\Console\\Kernel->handle()
#46 {main}
"} 
[2026-05-26 04:18:51] local.ERROR: Command "server" is not defined.

Did you mean one of these?
    make:observer
    serve {"exception":"[object] (Symfony\\Component\\Console\\Exception\\CommandNotFoundException(code: 0): Command \"server\" is not defined.

Did you mean one of these?
    make:observer
    serve at /home/mathias/Escritorio/Archivos/Project SentinelOps/vendor/symfony/console/Application.php:745)
[stacktrace]
#0 /home/mathias/Escritorio/Archivos/Project SentinelOps/vendor/symfony/console/Application.php(266): Symfony\\Component\\Console\\Application->find()
#1 /home/mathias/Escritorio/Archivos/Project SentinelOps/vendor/symfony/console/Application.php(175): Symfony\\Component\\Console\\Application->doRun()
#2 /home/mathias/Escritorio/Archivos/Project SentinelOps/vendor/laravel/framework/src/Illuminate/Foundation/Console/Kernel.php(201): Symfony\\Component\\Console\\Application->run()
#3 /home/mathias/Escritorio/Archivos/Project SentinelOps/artisan(35): Illuminate\\Foundation\\Console\\Kernel->handle()
#4 {main}
"} 
[2026-05-26 04:21:43] local.ERROR: Database file at path [database/database.sqlite] does not exist. Ensure this is an absolute path to the database. (Connection: sqlite, SQL: PRAGMA foreign_keys = ON;) {"exception":"[object] (Illuminate\\Database\\QueryException(code: 0): Database file at path [database/database.sqlite] does not exist. Ensure this is an absolute path to the database. (Connection: sqlite, SQL: PRAGMA foreign_keys = ON;) at /home/mathias/Escritorio/Archivos/Project SentinelOps/vendor/laravel/framework/src/Illuminate/Database/Connection.php:829)
[stacktrace]
#0 /home/mathias/Escritorio/Archivos/Project SentinelOps/vendor/laravel/framework/src/Illuminate/Database/Connection.php(783): Illuminate\\Database\\Connection->runQueryCallback()
#1 /home/mathias/Escritorio/Archivos/Project SentinelOps/vendor/laravel/framework/src/Illuminate/Database/Connection.php(576): Illuminate\\Database\\Connection->run()
#2 /home/mathias/Escritorio/Archivos/Project SentinelOps/vendor/laravel/framework/src/Illuminate/Database/Schema/Builder.php(560): Illuminate\\Database\\Connection->statement()
#3 /home/mathias/Escritorio/Archivos/Project SentinelOps/vendor/laravel/framework/src/Illuminate/Database/SQLiteConnection.php(36): Illuminate\\Database\\Schema\\Builder->enableForeignKeyConstraints()
#4 /home/mathias/Escritorio/Archivos/Project SentinelOps/vendor/laravel/framework/src/Illuminate/Database/Connectors/ConnectionFactory.php(272): Illuminate\\Database\\SQLiteConnection->__construct()
#5 /home/mathias/Escritorio/Archivos/Project SentinelOps/vendor/laravel/framework/src/Illuminate/Database/Connectors/ConnectionFactory.php(75): Illuminate\\Database\\Connectors\\ConnectionFactory->createConnection()
#6 /home/mathias/Escritorio/Archivos/Project SentinelOps/vendor/laravel/framework/src/Illuminate/Database/Connectors/ConnectionFactory.php(50): Illuminate\\Database\\Connectors\\ConnectionFactory->createSingleConnection()
#7 /home/mathias/Escritorio/Archivos/Project SentinelOps/vendor/laravel/framework/src/Illuminate/Database/DatabaseManager.php(175): Illuminate\\Database\\Connectors\\ConnectionFactory->make()
#8 /home/mathias/Escritorio/Archivos/Project SentinelOps/vendor/laravel/framework/src/Illuminate/Database/DatabaseManager.php(101): Illuminate\\Database\\DatabaseManager->makeConnection()
#9 /home/mathias/Escritorio/Archivos/Project SentinelOps/vendor/laravel/framework/src/Illuminate/Database/Eloquent/Model.php(1820): Illuminate\\Database\\DatabaseManager->connection()
#10 /home/mathias/Escritorio/Archivos/Project SentinelOps/vendor/laravel/framework/src/Illuminate/Database/Eloquent/Model.php(1786): Illuminate\\Database\\Eloquent\\Model::resolveConnection()
#11 /home/mathias/Escritorio/Archivos/Project SentinelOps/vendor/laravel/framework/src/Illuminate/Database/Eloquent/Model.php(1577): Illuminate\\Database\\Eloquent\\Model->getConnection()
#12 /home/mathias/Escritorio/Archivos/Project SentinelOps/vendor/laravel/framework/src/Illuminate/Database/Eloquent/Model.php(1496): Illuminate\\Database\\Eloquent\\Model->newBaseQueryBuilder()
#13 /home/mathias/Escritorio/Archivos/Project SentinelOps/vendor/laravel/framework/src/Illuminate/Database/Eloquent/Model.php(1532): Illuminate\\Database\\Eloquent\\Model->newModelQuery()
#14 /home/mathias/Escritorio/Archivos/Project SentinelOps/vendor/laravel/framework/src/Illuminate/Database/Eloquent/Model.php(1485): Illuminate\\Database\\Eloquent\\Model->newQueryWithoutScopes()
#15 /home/mathias/Escritorio/Archivos/Project SentinelOps/vendor/laravel/framework/src/Illuminate/Auth/EloquentUserProvider.php(167): Illuminate\\Database\\Eloquent\\Model->newQuery()
#16 /home/mathias/Escritorio/Archivos/Project SentinelOps/vendor/laravel/framework/src/Illuminate/Auth/EloquentUserProvider.php(127): Illuminate\\Auth\\EloquentUserProvider->newModelQuery()
#17 /home/mathias/Escritorio/Archivos/Project SentinelOps/vendor/laravel/framework/src/Illuminate/Auth/SessionGuard.php(381): Illuminate\\Auth\\EloquentUserProvider->retrieveByCredentials()
#18 /home/mathias/Escritorio/Archivos/Project SentinelOps/vendor/laravel/framework/src/Illuminate/Auth/AuthManager.php(340): Illuminate\\Auth\\SessionGuard->attempt()
#19 /home/mathias/Escritorio/Archivos/Project SentinelOps/vendor/laravel/framework/src/Illuminate/Support/Facades/Facade.php(355): Illuminate\\Auth\\AuthManager->__call()
#20 /home/mathias/Escritorio/Archivos/Project SentinelOps/app/Http/Controllers/Web/AuthController.php(24): Illuminate\\Support\\Facades\\Facade::__callStatic()
#21 /home/mathias/Escritorio/Archivos/Project SentinelOps/vendor/laravel/framework/src/Illuminate/Routing/Controller.php(54): App\\Http\\Controllers\\Web\\AuthController->login()
#22 /home/mathias/Escritorio/Archivos/Project SentinelOps/vendor/laravel/framework/src/Illuminate/Routing/ControllerDispatcher.php(43): Illuminate\\Routing\\Controller->callAction()
#23 /home/mathias/Escritorio/Archivos/Project SentinelOps/vendor/laravel/framework/src/Illuminate/Routing/Route.php(259): Illuminate\\Routing\\ControllerDispatcher->dispatch()
#24 /home/mathias/Escritorio/Archivos/Project SentinelOps/vendor/laravel/framework/src/Illuminate/Routing/Route.php(205): Illuminate\\Routing\\Route->runController()
#25 /home/mathias/Escritorio/Archivos/Project SentinelOps/vendor/laravel/framework/src/Illuminate/Routing/Router.php(806): Illuminate\\Routing\\Route->run()
#26 /home/mathias/Escritorio/Archivos/Project SentinelOps/vendor/laravel/framework/src/Illuminate/Pipeline/Pipeline.php(144): Illuminate\\Routing\\Router->{closure:Illuminate\\Routing\\Router::runRouteWithinStack():805}()
#27 /home/mathias/Escritorio/Archivos/Project SentinelOps/app/Http/Middleware/RedirectIfAuthenticated.php(28): Illuminate\\Pipeline\\Pipeline->{closure:Illuminate\\Pipeline\\Pipeline::prepareDestination():142}()
#28 /home/mathias/Escritorio/Archivos/Project SentinelOps/vendor/laravel/framework/src/Illuminate/Pipeline/Pipeline.php(183): App\\Http\\Middleware\\RedirectIfAuthenticated->handle()
#29 /home/mathias/Escritorio/Archivos/Project SentinelOps/vendor/laravel/framework/src/Illuminate/Routing/Middleware/SubstituteBindings.php(50): Illuminate\\Pipeline\\Pipeline->{closure:{closure:Illuminate\\Pipeline\\Pipeline::carry():158}:159}()
#30 /home/mathias/Escritorio/Archivos/Project SentinelOps/vendor/laravel/framework/src/Illuminate/Pipeline/Pipeline.php(183): Illuminate\\Routing\\Middleware\\SubstituteBindings->handle()
#31 /home/mathias/Escritorio/Archivos/Project SentinelOps/vendor/laravel/framework/src/Illuminate/Foundation/Http/Middleware/VerifyCsrfToken.php(78): Illuminate\\Pipeline\\Pipeline->{closure:{closure:Illuminate\\Pipeline\\Pipeline::carry():158}:159}()
#32 /home/mathias/Escritorio/Archivos/Project SentinelOps/vendor/laravel/framework/src/Illuminate/Pipeline/Pipeline.php(183): Illuminate\\Foundation\\Http\\Middleware\\VerifyCsrfToken->handle()
#33 /home/mathias/Escritorio/Archivos/Project SentinelOps/vendor/laravel/framework/src/Illuminate/View/Middleware/ShareErrorsFromSession.php(49): Illuminate\\Pipeline\\Pipeline->{closure:{closure:Illuminate\\Pipeline\\Pipeline::carry():158}:159}()
#34 /home/mathias/Escritorio/Archivos/Project SentinelOps/vendor/laravel/framework/src/Illuminate/Pipeline/Pipeline.php(183): Illuminate\\View\\Middleware\\ShareErrorsFromSession->handle()
#35 /home/mathias/Escritorio/Archivos/Project SentinelOps/vendor/laravel/framework/src/Illuminate/Session/Middleware/StartSession.php(121): Illuminate\\Pipeline\\Pipeline->{closure:{closure:Illuminate\\Pipeline\\Pipeline::carry():158}:159}()
#36 /home/mathias/Escritorio/Archivos/Project SentinelOps/vendor/laravel/framework/src/Illuminate/Session/Middleware/StartSession.php(64): Illuminate\\Session\\Middleware\\StartSession->handleStatefulRequest()
#37 /home/mathias/Escritorio/Archivos/Project SentinelOps/vendor/laravel/framework/src/Illuminate/Pipeline/Pipeline.php(183): Illuminate\\Session\\Middleware\\StartSession->handle()
#38 /home/mathias/Escritorio/Archivos/Project SentinelOps/vendor/laravel/framework/src/Illuminate/Cookie/Middleware/AddQueuedCookiesToResponse.php(37): Illuminate\\Pipeline\\Pipeline->{closure:{closure:Illuminate\\Pipeline\\Pipeline::carry():158}:159}()
#39 /home/mathias/Escritorio/Archivos/Project SentinelOps/vendor/laravel/framework/src/Illuminate/Pipeline/Pipeline.php(183): Illuminate\\Cookie\\Middleware\\AddQueuedCookiesToResponse->handle()
#40 /home/mathias/Escritorio/Archivos/Project SentinelOps/vendor/laravel/framework/src/Illuminate/Cookie/Middleware/EncryptCookies.php(67): Illuminate\\Pipeline\\Pipeline->{closure:{closure:Illuminate\\Pipeline\\Pipeline::carry():158}:159}()
#41 /home/mathias/Escritorio/Archivos/Project SentinelOps/vendor/laravel/framework/src/Illuminate/Pipeline/Pipeline.php(183): Illuminate\\Cookie\\Middleware\\EncryptCookies->handle()
#42 /home/mathias/Escritorio/Archivos/Project SentinelOps/vendor/laravel/framework/src/Illuminate/Pipeline/Pipeline.php(119): Illuminate\\Pipeline\\Pipeline->{closure:{closure:Illuminate\\Pipeline\\Pipeline::carry():158}:159}()
#43 /home/mathias/Escritorio/Archivos/Project SentinelOps/vendor/laravel/framework/src/Illuminate/Routing/Router.php(805): Illuminate\\Pipeline\\Pipeline->then()
#44 /home/mathias/Escritorio/Archivos/Project SentinelOps/vendor/laravel/framework/src/Illuminate/Routing/Router.php(784): Illuminate\\Routing\\Router->runRouteWithinStack()
#45 /home/mathias/Escritorio/Archivos/Project SentinelOps/vendor/laravel/framework/src/Illuminate/Routing/Router.php(748): Illuminate\\Routing\\Router->runRoute()
#46 /home/mathias/Escritorio/Archivos/Project SentinelOps/vendor/laravel/framework/src/Illuminate/Routing/Router.php(737): Illuminate\\Routing\\Router->dispatchToRoute()
#47 /home/mathias/Escritorio/Archivos/Project SentinelOps/vendor/laravel/framework/src/Illuminate/Foundation/Http/Kernel.php(200): Illuminate\\Routing\\Router->dispatch()
#48 /home/mathias/Escritorio/Archivos/Project SentinelOps/vendor/laravel/framework/src/Illuminate/Pipeline/Pipeline.php(144): Illuminate\\Foundation\\Http\\Kernel->{closure:Illuminate\\Foundation\\Http\\Kernel::dispatchToRouter():197}()
#49 /home/mathias/Escritorio/Archivos/Project SentinelOps/vendor/laravel/framework/src/Illuminate/Foundation/Http/Middleware/TransformsRequest.php(21): Illuminate\\Pipeline\\Pipeline->{closure:Illuminate\\Pipeline\\Pipeline::prepareDestination():142}()
#50 /home/mathias/Escritorio/Archivos/Project SentinelOps/vendor/laravel/framework/src/Illuminate/Foundation/Http/Middleware/ConvertEmptyStringsToNull.php(31): Illuminate\\Foundation\\Http\\Middleware\\TransformsRequest->handle()
#51 /home/mathias/Escritorio/Archivos/Project SentinelOps/vendor/laravel/framework/src/Illuminate/Pipeline/Pipeline.php(183): Illuminate\\Foundation\\Http\\Middleware\\ConvertEmptyStringsToNull->handle()
#52 /home/mathias/Escritorio/Archivos/Project SentinelOps/vendor/laravel/framework/src/Illuminate/Foundation/Http/Middleware/TransformsRequest.php(21): Illuminate\\Pipeline\\Pipeline->{closure:{closure:Illuminate\\Pipeline\\Pipeline::carry():158}:159}()
#53 /home/mathias/Escritorio/Archivos/Project SentinelOps/vendor/laravel/framework/src/Illuminate/Foundation/Http/Middleware/TrimStrings.php(40): Illuminate\\Foundation\\Http\\Middleware\\TransformsRequest->handle()
#54 /home/mathias/Escritorio/Archivos/Project SentinelOps/vendor/laravel/framework/src/Illuminate/Pipeline/Pipeline.php(183): Illuminate\\Foundation\\Http\\Middleware\\TrimStrings->handle()
#55 /home/mathias/Escritorio/Archivos/Project SentinelOps/vendor/laravel/framework/src/Illuminate/Foundation/Http/Middleware/ValidatePostSize.php(27): Illuminate\\Pipeline\\Pipeline->{closure:{closure:Illuminate\\Pipeline\\Pipeline::carry():158}:159}()
#56 /home/mathias/Escritorio/Archivos/Project SentinelOps/vendor/laravel/framework/src/Illuminate/Pipeline/Pipeline.php(183): Illuminate\\Foundation\\Http\\Middleware\\ValidatePostSize->handle()
#57 /home/mathias/Escritorio/Archivos/Project SentinelOps/vendor/laravel/framework/src/Illuminate/Foundation/Http/Middleware/PreventRequestsDuringMaintenance.php(99): Illuminate\\Pipeline\\Pipeline->{closure:{closure:Illuminate\\Pipeline\\Pipeline::carry():158}:159}()
#58 /home/mathias/Escritorio/Archivos/Project SentinelOps/vendor/laravel/framework/src/Illuminate/Pipeline/Pipeline.php(183): Illuminate\\Foundation\\Http\\Middleware\\PreventRequestsDuringMaintenance->handle()
#59 /home/mathias/Escritorio/Archivos/Project SentinelOps/vendor/laravel/framework/src/Illuminate/Http/Middleware/HandleCors.php(49): Illuminate\\Pipeline\\Pipeline->{closure:{closure:Illuminate\\Pipeline\\Pipeline::carry():158}:159}()
#60 /home/mathias/Escritorio/Archivos/Project SentinelOps/vendor/laravel/framework/src/Illuminate/Pipeline/Pipeline.php(183): Illuminate\\Http\\Middleware\\HandleCors->handle()
#61 /home/mathias/Escritorio/Archivos/Project SentinelOps/vendor/laravel/framework/src/Illuminate/Http/Middleware/TrustProxies.php(39): Illuminate\\Pipeline\\Pipeline->{closure:{closure:Illuminate\\Pipeline\\Pipeline::carry():158}:159}()
#62 /home/mathias/Escritorio/Archivos/Project SentinelOps/vendor/laravel/framework/src/Illuminate/Pipeline/Pipeline.php(183): Illuminate\\Http\\Middleware\\TrustProxies->handle()
#63 /home/mathias/Escritorio/Archivos/Project SentinelOps/vendor/laravel/framework/src/Illuminate/Pipeline/Pipeline.php(119): Illuminate\\Pipeline\\Pipeline->{closure:{closure:Illuminate\\Pipeline\\Pipeline::carry():158}:159}()
#64 /home/mathias/Escritorio/Archivos/Project SentinelOps/vendor/laravel/framework/src/Illuminate/Foundation/Http/Kernel.php(175): Illuminate\\Pipeline\\Pipeline->then()
#65 /home/mathias/Escritorio/Archivos/Project SentinelOps/vendor/laravel/framework/src/Illuminate/Foundation/Http/Kernel.php(144): Illuminate\\Foundation\\Http\\Kernel->sendRequestThroughRouter()
#66 /home/mathias/Escritorio/Archivos/Project SentinelOps/public/index.php(16): Illuminate\\Foundation\\Http\\Kernel->handle()
#67 /home/mathias/Escritorio/Archivos/Project SentinelOps/vendor/laravel/framework/src/Illuminate/Foundation/resources/server.php(16): require_once('...')
#68 {main}

[previous exception] [object] (Illuminate\\Database\\SQLiteDatabaseDoesNotExistException(code: 0): Database file at path [database/database.sqlite] does not exist. Ensure this is an absolute path to the database. at /home/mathias/Escritorio/Archivos/Project SentinelOps/vendor/laravel/framework/src/Illuminate/Database/Connectors/SQLiteConnector.php:34)
[stacktrace]
#0 /home/mathias/Escritorio/Archivos/Project SentinelOps/vendor/laravel/framework/src/Illuminate/Database/Connectors/ConnectionFactory.php(221): Illuminate\\Database\\Connectors\\SQLiteConnector->connect()
#1 [internal function]: Illuminate\\Database\\Connectors\\ConnectionFactory->{closure:Illuminate\\Database\\Connectors\\ConnectionFactory::createPdoResolverWithoutHosts():221}()
#2 /home/mathias/Escritorio/Archivos/Project SentinelOps/vendor/laravel/framework/src/Illuminate/Database/Connection.php(1339): call_user_func()
#3 /home/mathias/Escritorio/Archivos/Project SentinelOps/vendor/laravel/framework/src/Illuminate/Database/Connection.php(581): Illuminate\\Database\\Connection->getPdo()
#4 /home/mathias/Escritorio/Archivos/Project SentinelOps/vendor/laravel/framework/src/Illuminate/Database/Connection.php(816): Illuminate\\Database\\Connection->{closure:Illuminate\\Database\\Connection::statement():576}()
#5 /home/mathias/Escritorio/Archivos/Project SentinelOps/vendor/laravel/framework/src/Illuminate/Database/Connection.php(783): Illuminate\\Database\\Connection->runQueryCallback()
#6 /home/mathias/Escritorio/Archivos/Project SentinelOps/vendor/laravel/framework/src/Illuminate/Database/Connection.php(576): Illuminate\\Database\\Connection->run()
#7 /home/mathias/Escritorio/Archivos/Project SentinelOps/vendor/laravel/framework/src/Illuminate/Database/Schema/Builder.php(560): Illuminate\\Database\\Connection->statement()
#8 /home/mathias/Escritorio/Archivos/Project SentinelOps/vendor/laravel/framework/src/Illuminate/Database/SQLiteConnection.php(36): Illuminate\\Database\\Schema\\Builder->enableForeignKeyConstraints()
#9 /home/mathias/Escritorio/Archivos/Project SentinelOps/vendor/laravel/framework/src/Illuminate/Database/Connectors/ConnectionFactory.php(272): Illuminate\\Database\\SQLiteConnection->__construct()
#10 /home/mathias/Escritorio/Archivos/Project SentinelOps/vendor/laravel/framework/src/Illuminate/Database/Connectors/ConnectionFactory.php(75): Illuminate\\Database\\Connectors\\ConnectionFactory->createConnection()
#11 /home/mathias/Escritorio/Archivos/Project SentinelOps/vendor/laravel/framework/src/Illuminate/Database/Connectors/ConnectionFactory.php(50): Illuminate\\Database\\Connectors\\ConnectionFactory->createSingleConnection()
#12 /home/mathias/Escritorio/Archivos/Project SentinelOps/vendor/laravel/framework/src/Illuminate/Database/DatabaseManager.php(175): Illuminate\\Database\\Connectors\\ConnectionFactory->make()
#13 /home/mathias/Escritorio/Archivos/Project SentinelOps/vendor/laravel/framework/src/Illuminate/Database/DatabaseManager.php(101): Illuminate\\Database\\DatabaseManager->makeConnection()
#14 /home/mathias/Escritorio/Archivos/Project SentinelOps/vendor/laravel/framework/src/Illuminate/Database/Eloquent/Model.php(1820): Illuminate\\Database\\DatabaseManager->connection()
#15 /home/mathias/Escritorio/Archivos/Project SentinelOps/vendor/laravel/framework/src/Illuminate/Database/Eloquent/Model.php(1786): Illuminate\\Database\\Eloquent\\Model::resolveConnection()
#16 /home/mathias/Escritorio/Archivos/Project SentinelOps/vendor/laravel/framework/src/Illuminate/Database/Eloquent/Model.php(1577): Illuminate\\Database\\Eloquent\\Model->getConnection()
#17 /home/mathias/Escritorio/Archivos/Project SentinelOps/vendor/laravel/framework/src/Illuminate/Database/Eloquent/Model.php(1496): Illuminate\\Database\\Eloquent\\Model->newBaseQueryBuilder()
#18 /home/mathias/Escritorio/Archivos/Project SentinelOps/vendor/laravel/framework/src/Illuminate/Database/Eloquent/Model.php(1532): Illuminate\\Database\\Eloquent\\Model->newModelQuery()
#19 /home/mathias/Escritorio/Archivos/Project SentinelOps/vendor/laravel/framework/src/Illuminate/Database/Eloquent/Model.php(1485): Illuminate\\Database\\Eloquent\\Model->newQueryWithoutScopes()
#20 /home/mathias/Escritorio/Archivos/Project SentinelOps/vendor/laravel/framework/src/Illuminate/Auth/EloquentUserProvider.php(167): Illuminate\\Database\\Eloquent\\Model->newQuery()
#21 /home/mathias/Escritorio/Archivos/Project SentinelOps/vendor/laravel/framework/src/Illuminate/Auth/EloquentUserProvider.php(127): Illuminate\\Auth\\EloquentUserProvider->newModelQuery()
#22 /home/mathias/Escritorio/Archivos/Project SentinelOps/vendor/laravel/framework/src/Illuminate/Auth/SessionGuard.php(381): Illuminate\\Auth\\EloquentUserProvider->retrieveByCredentials()
#23 /home/mathias/Escritorio/Archivos/Project SentinelOps/vendor/laravel/framework/src/Illuminate/Auth/AuthManager.php(340): Illuminate\\Auth\\SessionGuard->attempt()
#24 /home/mathias/Escritorio/Archivos/Project SentinelOps/vendor/laravel/framework/src/Illuminate/Support/Facades/Facade.php(355): Illuminate\\Auth\\AuthManager->__call()
#25 /home/mathias/Escritorio/Archivos/Project SentinelOps/app/Http/Controllers/Web/AuthController.php(24): Illuminate\\Support\\Facades\\Facade::__callStatic()
#26 /home/mathias/Escritorio/Archivos/Project SentinelOps/vendor/laravel/framework/src/Illuminate/Routing/Controller.php(54): App\\Http\\Controllers\\Web\\AuthController->login()
#27 /home/mathias/Escritorio/Archivos/Project SentinelOps/vendor/laravel/framework/src/Illuminate/Routing/ControllerDispatcher.php(43): Illuminate\\Routing\\Controller->callAction()
#28 /home/mathias/Escritorio/Archivos/Project SentinelOps/vendor/laravel/framework/src/Illuminate/Routing/Route.php(259): Illuminate\\Routing\\ControllerDispatcher->dispatch()
#29 /home/mathias/Escritorio/Archivos/Project SentinelOps/vendor/laravel/framework/src/Illuminate/Routing/Route.php(205): Illuminate\\Routing\\Route->runController()
#30 /home/mathias/Escritorio/Archivos/Project SentinelOps/vendor/laravel/framework/src/Illuminate/Routing/Router.php(806): Illuminate\\Routing\\Route->run()
#31 /home/mathias/Escritorio/Archivos/Project SentinelOps/vendor/laravel/framework/src/Illuminate/Pipeline/Pipeline.php(144): Illuminate\\Routing\\Router->{closure:Illuminate\\Routing\\Router::runRouteWithinStack():805}()
#32 /home/mathias/Escritorio/Archivos/Project SentinelOps/app/Http/Middleware/RedirectIfAuthenticated.php(28): Illuminate\\Pipeline\\Pipeline->{closure:Illuminate\\Pipeline\\Pipeline::prepareDestination():142}()
#33 /home/mathias/Escritorio/Archivos/Project SentinelOps/vendor/laravel/framework/src/Illuminate/Pipeline/Pipeline.php(183): App\\Http\\Middleware\\RedirectIfAuthenticated->handle()
#34 /home/mathias/Escritorio/Archivos/Project SentinelOps/vendor/laravel/framework/src/Illuminate/Routing/Middleware/SubstituteBindings.php(50): Illuminate\\Pipeline\\Pipeline->{closure:{closure:Illuminate\\Pipeline\\Pipeline::carry():158}:159}()
#35 /home/mathias/Escritorio/Archivos/Project SentinelOps/vendor/laravel/framework/src/Illuminate/Pipeline/Pipeline.php(183): Illuminate\\Routing\\Middleware\\SubstituteBindings->handle()
#36 /home/mathias/Escritorio/Archivos/Project SentinelOps/vendor/laravel/framework/src/Illuminate/Foundation/Http/Middleware/VerifyCsrfToken.php(78): Illuminate\\Pipeline\\Pipeline->{closure:{closure:Illuminate\\Pipeline\\Pipeline::carry():158}:159}()
#37 /home/mathias/Escritorio/Archivos/Project SentinelOps/vendor/laravel/framework/src/Illuminate/Pipeline/Pipeline.php(183): Illuminate\\Foundation\\Http\\Middleware\\VerifyCsrfToken->handle()
#38 /home/mathias/Escritorio/Archivos/Project SentinelOps/vendor/laravel/framework/src/Illuminate/View/Middleware/ShareErrorsFromSession.php(49): Illuminate\\Pipeline\\Pipeline->{closure:{closure:Illuminate\\Pipeline\\Pipeline::carry():158}:159}()
#39 /home/mathias/Escritorio/Archivos/Project SentinelOps/vendor/laravel/framework/src/Illuminate/Pipeline/Pipeline.php(183): Illuminate\\View\\Middleware\\ShareErrorsFromSession->handle()
#40 /home/mathias/Escritorio/Archivos/Project SentinelOps/vendor/laravel/framework/src/Illuminate/Session/Middleware/StartSession.php(121): Illuminate\\Pipeline\\Pipeline->{closure:{closure:Illuminate\\Pipeline\\Pipeline::carry():158}:159}()
#41 /home/mathias/Escritorio/Archivos/Project SentinelOps/vendor/laravel/framework/src/Illuminate/Session/Middleware/StartSession.php(64): Illuminate\\Session\\Middleware\\StartSession->handleStatefulRequest()
#42 /home/mathias/Escritorio/Archivos/Project SentinelOps/vendor/laravel/framework/src/Illuminate/Pipeline/Pipeline.php(183): Illuminate\\Session\\Middleware\\StartSession->handle()
#43 /home/mathias/Escritorio/Archivos/Project SentinelOps/vendor/laravel/framework/src/Illuminate/Cookie/Middleware/AddQueuedCookiesToResponse.php(37): Illuminate\\Pipeline\\Pipeline->{closure:{closure:Illuminate\\Pipeline\\Pipeline::carry():158}:159}()
#44 /home/mathias/Escritorio/Archivos/Project SentinelOps/vendor/laravel/framework/src/Illuminate/Pipeline/Pipeline.php(183): Illuminate\\Cookie\\Middleware\\AddQueuedCookiesToResponse->handle()
#45 /home/mathias/Escritorio/Archivos/Project SentinelOps/vendor/laravel/framework/src/Illuminate/Cookie/Middleware/EncryptCookies.php(67): Illuminate\\Pipeline\\Pipeline->{closure:{closure:Illuminate\\Pipeline\\Pipeline::carry():158}:159}()
#46 /home/mathias/Escritorio/Archivos/Project SentinelOps/vendor/laravel/framework/src/Illuminate/Pipeline/Pipeline.php(183): Illuminate\\Cookie\\Middleware\\EncryptCookies->handle()
#47 /home/mathias/Escritorio/Archivos/Project SentinelOps/vendor/laravel/framework/src/Illuminate/Pipeline/Pipeline.php(119): Illuminate\\Pipeline\\Pipeline->{closure:{closure:Illuminate\\Pipeline\\Pipeline::carry():158}:159}()
#48 /home/mathias/Escritorio/Archivos/Project SentinelOps/vendor/laravel/framework/src/Illuminate/Routing/Router.php(805): Illuminate\\Pipeline\\Pipeline->then()
#49 /home/mathias/Escritorio/Archivos/Project SentinelOps/vendor/laravel/framework/src/Illuminate/Routing/Router.php(784): Illuminate\\Routing\\Router->runRouteWithinStack()
#50 /home/mathias/Escritorio/Archivos/Project SentinelOps/vendor/laravel/framework/src/Illuminate/Routing/Router.php(748): Illuminate\\Routing\\Router->runRoute()
#51 /home/mathias/Escritorio/Archivos/Project SentinelOps/vendor/laravel/framework/src/Illuminate/Routing/Router.php(737): Illuminate\\Routing\\Router->dispatchToRoute()
#52 /home/mathias/Escritorio/Archivos/Project SentinelOps/vendor/laravel/framework/src/Illuminate/Foundation/Http/Kernel.php(200): Illuminate\\Routing\\Router->dispatch()
#53 /home/mathias/Escritorio/Archivos/Project SentinelOps/vendor/laravel/framework/src/Illuminate/Pipeline/Pipeline.php(144): Illuminate\\Foundation\\Http\\Kernel->{closure:Illuminate\\Foundation\\Http\\Kernel::dispatchToRouter():197}()
#54 /home/mathias/Escritorio/Archivos/Project SentinelOps/vendor/laravel/framework/src/Illuminate/Foundation/Http/Middleware/TransformsRequest.php(21): Illuminate\\Pipeline\\Pipeline->{closure:Illuminate\\Pipeline\\Pipeline::prepareDestination():142}()
#55 /home/mathias/Escritorio/Archivos/Project SentinelOps/vendor/laravel/framework/src/Illuminate/Foundation/Http/Middleware/ConvertEmptyStringsToNull.php(31): Illuminate\\Foundation\\Http\\Middleware\\TransformsRequest->handle()
#56 /home/mathias/Escritorio/Archivos/Project SentinelOps/vendor/laravel/framework/src/Illuminate/Pipeline/Pipeline.php(183): Illuminate\\Foundation\\Http\\Middleware\\ConvertEmptyStringsToNull->handle()
#57 /home/mathias/Escritorio/Archivos/Project SentinelOps/vendor/laravel/framework/src/Illuminate/Foundation/Http/Middleware/TransformsRequest.php(21): Illuminate\\Pipeline\\Pipeline->{closure:{closure:Illuminate\\Pipeline\\Pipeline::carry():158}:159}()
#58 /home/mathias/Escritorio/Archivos/Project SentinelOps/vendor/laravel/framework/src/Illuminate/Foundation/Http/Middleware/TrimStrings.php(40): Illuminate\\Foundation\\Http\\Middleware\\TransformsRequest->handle()
#59 /home/mathias/Escritorio/Archivos/Project SentinelOps/vendor/laravel/framework/src/Illuminate/Pipeline/Pipeline.php(183): Illuminate\\Foundation\\Http\\Middleware\\TrimStrings->handle()
#60 /home/mathias/Escritorio/Archivos/Project SentinelOps/vendor/laravel/framework/src/Illuminate/Foundation/Http/Middleware/ValidatePostSize.php(27): Illuminate\\Pipeline\\Pipeline->{closure:{closure:Illuminate\\Pipeline\\Pipeline::carry():158}:159}()
#61 /home/mathias/Escritorio/Archivos/Project SentinelOps/vendor/laravel/framework/src/Illuminate/Pipeline/Pipeline.php(183): Illuminate\\Foundation\\Http\\Middleware\\ValidatePostSize->handle()
#62 /home/mathias/Escritorio/Archivos/Project SentinelOps/vendor/laravel/framework/src/Illuminate/Foundation/Http/Middleware/PreventRequestsDuringMaintenance.php(99): Illuminate\\Pipeline\\Pipeline->{closure:{closure:Illuminate\\Pipeline\\Pipeline::carry():158}:159}()
#63 /home/mathias/Escritorio/Archivos/Project SentinelOps/vendor/laravel/framework/src/Illuminate/Pipeline/Pipeline.php(183): Illuminate\\Foundation\\Http\\Middleware\\PreventRequestsDuringMaintenance->handle()
#64 /home/mathias/Escritorio/Archivos/Project SentinelOps/vendor/laravel/framework/src/Illuminate/Http/Middleware/HandleCors.php(49): Illuminate\\Pipeline\\Pipeline->{closure:{closure:Illuminate\\Pipeline\\Pipeline::carry():158}:159}()
#65 /home/mathias/Escritorio/Archivos/Project SentinelOps/vendor/laravel/framework/src/Illuminate/Pipeline/Pipeline.php(183): Illuminate\\Http\\Middleware\\HandleCors->handle()
#66 /home/mathias/Escritorio/Archivos/Project SentinelOps/vendor/laravel/framework/src/Illuminate/Http/Middleware/TrustProxies.php(39): Illuminate\\Pipeline\\Pipeline->{closure:{closure:Illuminate\\Pipeline\\Pipeline::carry():158}:159}()
#67 /home/mathias/Escritorio/Archivos/Project SentinelOps/vendor/laravel/framework/src/Illuminate/Pipeline/Pipeline.php(183): Illuminate\\Http\\Middleware\\TrustProxies->handle()
#68 /home/mathias/Escritorio/Archivos/Project SentinelOps/vendor/laravel/framework/src/Illuminate/Pipeline/Pipeline.php(119): Illuminate\\Pipeline\\Pipeline->{closure:{closure:Illuminate\\Pipeline\\Pipeline::carry():158}:159}()
#69 /home/mathias/Escritorio/Archivos/Project SentinelOps/vendor/laravel/framework/src/Illuminate/Foundation/Http/Kernel.php(175): Illuminate\\Pipeline\\Pipeline->then()
#70 /home/mathias/Escritorio/Archivos/Project SentinelOps/vendor/laravel/framework/src/Illuminate/Foundation/Http/Kernel.php(144): Illuminate\\Foundation\\Http\\Kernel->sendRequestThroughRouter()
#71 /home/mathias/Escritorio/Archivos/Project SentinelOps/public/index.php(16): Illuminate\\Foundation\\Http\\Kernel->handle()
#72 /home/mathias/Escritorio/Archivos/Project SentinelOps/vendor/laravel/framework/src/Illuminate/Foundation/resources/server.php(16): require_once('...')
#73 {main}
"} 
[2026-05-26 04:23:08] local.ERROR: Database file at path [database/database.sqlite] does not exist. Ensure this is an absolute path to the database. (Connection: sqlite, SQL: PRAGMA foreign_keys = ON;) {"exception":"[object] (Illuminate\\Database\\QueryException(code: 0): Database file at path [database/database.sqlite] does not exist. Ensure this is an absolute path to the database. (Connection: sqlite, SQL: PRAGMA foreign_keys = ON;) at /home/mathias/Escritorio/Archivos/Project SentinelOps/vendor/laravel/framework/src/Illuminate/Database/Connection.php:829)
[stacktrace]
#0 /home/mathias/Escritorio/Archivos/Project SentinelOps/vendor/laravel/framework/src/Illuminate/Database/Connection.php(783): Illuminate\\Database\\Connection->runQueryCallback()
#1 /home/mathias/Escritorio/Archivos/Project SentinelOps/vendor/laravel/framework/src/Illuminate/Database/Connection.php(576): Illuminate\\Database\\Connection->run()
#2 /home/mathias/Escritorio/Archivos/Project SentinelOps/vendor/laravel/framework/src/Illuminate/Database/Schema/Builder.php(560): Illuminate\\Database\\Connection->statement()
#3 /home/mathias/Escritorio/Archivos/Project SentinelOps/vendor/laravel/framework/src/Illuminate/Database/SQLiteConnection.php(36): Illuminate\\Database\\Schema\\Builder->enableForeignKeyConstraints()
#4 /home/mathias/Escritorio/Archivos/Project SentinelOps/vendor/laravel/framework/src/Illuminate/Database/Connectors/ConnectionFactory.php(272): Illuminate\\Database\\SQLiteConnection->__construct()
#5 /home/mathias/Escritorio/Archivos/Project SentinelOps/vendor/laravel/framework/src/Illuminate/Database/Connectors/ConnectionFactory.php(75): Illuminate\\Database\\Connectors\\ConnectionFactory->createConnection()
#6 /home/mathias/Escritorio/Archivos/Project SentinelOps/vendor/laravel/framework/src/Illuminate/Database/Connectors/ConnectionFactory.php(50): Illuminate\\Database\\Connectors\\ConnectionFactory->createSingleConnection()
#7 /home/mathias/Escritorio/Archivos/Project SentinelOps/vendor/laravel/framework/src/Illuminate/Database/DatabaseManager.php(175): Illuminate\\Database\\Connectors\\ConnectionFactory->make()
#8 /home/mathias/Escritorio/Archivos/Project SentinelOps/vendor/laravel/framework/src/Illuminate/Database/DatabaseManager.php(101): Illuminate\\Database\\DatabaseManager->makeConnection()
#9 /home/mathias/Escritorio/Archivos/Project SentinelOps/vendor/laravel/framework/src/Illuminate/Database/Eloquent/Model.php(1820): Illuminate\\Database\\DatabaseManager->connection()
#10 /home/mathias/Escritorio/Archivos/Project SentinelOps/vendor/laravel/framework/src/Illuminate/Database/Eloquent/Model.php(1786): Illuminate\\Database\\Eloquent\\Model::resolveConnection()
#11 /home/mathias/Escritorio/Archivos/Project SentinelOps/vendor/laravel/framework/src/Illuminate/Database/Eloquent/Model.php(1577): Illuminate\\Database\\Eloquent\\Model->getConnection()
#12 /home/mathias/Escritorio/Archivos/Project SentinelOps/vendor/laravel/framework/src/Illuminate/Database/Eloquent/Model.php(1496): Illuminate\\Database\\Eloquent\\Model->newBaseQueryBuilder()
#13 /home/mathias/Escritorio/Archivos/Project SentinelOps/vendor/laravel/framework/src/Illuminate/Database/Eloquent/Model.php(1532): Illuminate\\Database\\Eloquent\\Model->newModelQuery()
#14 /home/mathias/Escritorio/Archivos/Project SentinelOps/vendor/laravel/framework/src/Illuminate/Database/Eloquent/Model.php(1485): Illuminate\\Database\\Eloquent\\Model->newQueryWithoutScopes()
#15 /home/mathias/Escritorio/Archivos/Project SentinelOps/vendor/laravel/framework/src/Illuminate/Auth/EloquentUserProvider.php(167): Illuminate\\Database\\Eloquent\\Model->newQuery()
#16 /home/mathias/Escritorio/Archivos/Project SentinelOps/vendor/laravel/framework/src/Illuminate/Auth/EloquentUserProvider.php(127): Illuminate\\Auth\\EloquentUserProvider->newModelQuery()
#17 /home/mathias/Escritorio/Archivos/Project SentinelOps/vendor/laravel/framework/src/Illuminate/Auth/SessionGuard.php(381): Illuminate\\Auth\\EloquentUserProvider->retrieveByCredentials()
#18 /home/mathias/Escritorio/Archivos/Project SentinelOps/vendor/laravel/framework/src/Illuminate/Auth/AuthManager.php(340): Illuminate\\Auth\\SessionGuard->attempt()
#19 /home/mathias/Escritorio/Archivos/Project SentinelOps/vendor/laravel/framework/src/Illuminate/Support/Facades/Facade.php(355): Illuminate\\Auth\\AuthManager->__call()
#20 /home/mathias/Escritorio/Archivos/Project SentinelOps/app/Http/Controllers/Web/AuthController.php(24): Illuminate\\Support\\Facades\\Facade::__callStatic()
#21 /home/mathias/Escritorio/Archivos/Project SentinelOps/vendor/laravel/framework/src/Illuminate/Routing/Controller.php(54): App\\Http\\Controllers\\Web\\AuthController->login()
#22 /home/mathias/Escritorio/Archivos/Project SentinelOps/vendor/laravel/framework/src/Illuminate/Routing/ControllerDispatcher.php(43): Illuminate\\Routing\\Controller->callAction()
#23 /home/mathias/Escritorio/Archivos/Project SentinelOps/vendor/laravel/framework/src/Illuminate/Routing/Route.php(259): Illuminate\\Routing\\ControllerDispatcher->dispatch()
#24 /home/mathias/Escritorio/Archivos/Project SentinelOps/vendor/laravel/framework/src/Illuminate/Routing/Route.php(205): Illuminate\\Routing\\Route->runController()
#25 /home/mathias/Escritorio/Archivos/Project SentinelOps/vendor/laravel/framework/src/Illuminate/Routing/Router.php(806): Illuminate\\Routing\\Route->run()
#26 /home/mathias/Escritorio/Archivos/Project SentinelOps/vendor/laravel/framework/src/Illuminate/Pipeline/Pipeline.php(144): Illuminate\\Routing\\Router->{closure:Illuminate\\Routing\\Router::runRouteWithinStack():805}()
#27 /home/mathias/Escritorio/Archivos/Project SentinelOps/app/Http/Middleware/RedirectIfAuthenticated.php(28): Illuminate\\Pipeline\\Pipeline->{closure:Illuminate\\Pipeline\\Pipeline::prepareDestination():142}()
#28 /home/mathias/Escritorio/Archivos/Project SentinelOps/vendor/laravel/framework/src/Illuminate/Pipeline/Pipeline.php(183): App\\Http\\Middleware\\RedirectIfAuthenticated->handle()
#29 /home/mathias/Escritorio/Archivos/Project SentinelOps/vendor/laravel/framework/src/Illuminate/Routing/Middleware/SubstituteBindings.php(50): Illuminate\\Pipeline\\Pipeline->{closure:{closure:Illuminate\\Pipeline\\Pipeline::carry():158}:159}()
#30 /home/mathias/Escritorio/Archivos/Project SentinelOps/vendor/laravel/framework/src/Illuminate/Pipeline/Pipeline.php(183): Illuminate\\Routing\\Middleware\\SubstituteBindings->handle()
#31 /home/mathias/Escritorio/Archivos/Project SentinelOps/vendor/laravel/framework/src/Illuminate/Foundation/Http/Middleware/VerifyCsrfToken.php(78): Illuminate\\Pipeline\\Pipeline->{closure:{closure:Illuminate\\Pipeline\\Pipeline::carry():158}:159}()
#32 /home/mathias/Escritorio/Archivos/Project SentinelOps/vendor/laravel/framework/src/Illuminate/Pipeline/Pipeline.php(183): Illuminate\\Foundation\\Http\\Middleware\\VerifyCsrfToken->handle()
#33 /home/mathias/Escritorio/Archivos/Project SentinelOps/vendor/laravel/framework/src/Illuminate/View/Middleware/ShareErrorsFromSession.php(49): Illuminate\\Pipeline\\Pipeline->{closure:{closure:Illuminate\\Pipeline\\Pipeline::carry():158}:159}()
#34 /home/mathias/Escritorio/Archivos/Project SentinelOps/vendor/laravel/framework/src/Illuminate/Pipeline/Pipeline.php(183): Illuminate\\View\\Middleware\\ShareErrorsFromSession->handle()
#35 /home/mathias/Escritorio/Archivos/Project SentinelOps/vendor/laravel/framework/src/Illuminate/Session/Middleware/StartSession.php(121): Illuminate\\Pipeline\\Pipeline->{closure:{closure:Illuminate\\Pipeline\\Pipeline::carry():158}:159}()
#36 /home/mathias/Escritorio/Archivos/Project SentinelOps/vendor/laravel/framework/src/Illuminate/Session/Middleware/StartSession.php(64): Illuminate\\Session\\Middleware\\StartSession->handleStatefulRequest()
#37 /home/mathias/Escritorio/Archivos/Project SentinelOps/vendor/laravel/framework/src/Illuminate/Pipeline/Pipeline.php(183): Illuminate\\Session\\Middleware\\StartSession->handle()
#38 /home/mathias/Escritorio/Archivos/Project SentinelOps/vendor/laravel/framework/src/Illuminate/Cookie/Middleware/AddQueuedCookiesToResponse.php(37): Illuminate\\Pipeline\\Pipeline->{closure:{closure:Illuminate\\Pipeline\\Pipeline::carry():158}:159}()
#39 /home/mathias/Escritorio/Archivos/Project SentinelOps/vendor/laravel/framework/src/Illuminate/Pipeline/Pipeline.php(183): Illuminate\\Cookie\\Middleware\\AddQueuedCookiesToResponse->handle()
#40 /home/mathias/Escritorio/Archivos/Project SentinelOps/vendor/laravel/framework/src/Illuminate/Cookie/Middleware/EncryptCookies.php(67): Illuminate\\Pipeline\\Pipeline->{closure:{closure:Illuminate\\Pipeline\\Pipeline::carry():158}:159}()
#41 /home/mathias/Escritorio/Archivos/Project SentinelOps/vendor/laravel/framework/src/Illuminate/Pipeline/Pipeline.php(183): Illuminate\\Cookie\\Middleware\\EncryptCookies->handle()
#42 /home/mathias/Escritorio/Archivos/Project SentinelOps/vendor/laravel/framework/src/Illuminate/Pipeline/Pipeline.php(119): Illuminate\\Pipeline\\Pipeline->{closure:{closure:Illuminate\\Pipeline\\Pipeline::carry():158}:159}()
#43 /home/mathias/Escritorio/Archivos/Project SentinelOps/vendor/laravel/framework/src/Illuminate/Routing/Router.php(805): Illuminate\\Pipeline\\Pipeline->then()
#44 /home/mathias/Escritorio/Archivos/Project SentinelOps/vendor/laravel/framework/src/Illuminate/Routing/Router.php(784): Illuminate\\Routing\\Router->runRouteWithinStack()
#45 /home/mathias/Escritorio/Archivos/Project SentinelOps/vendor/laravel/framework/src/Illuminate/Routing/Router.php(748): Illuminate\\Routing\\Router->runRoute()
#46 /home/mathias/Escritorio/Archivos/Project SentinelOps/vendor/laravel/framework/src/Illuminate/Routing/Router.php(737): Illuminate\\Routing\\Router->dispatchToRoute()
#47 /home/mathias/Escritorio/Archivos/Project SentinelOps/vendor/laravel/framework/src/Illuminate/Foundation/Http/Kernel.php(200): Illuminate\\Routing\\Router->dispatch()
#48 /home/mathias/Escritorio/Archivos/Project SentinelOps/vendor/laravel/framework/src/Illuminate/Pipeline/Pipeline.php(144): Illuminate\\Foundation\\Http\\Kernel->{closure:Illuminate\\Foundation\\Http\\Kernel::dispatchToRouter():197}()
#49 /home/mathias/Escritorio/Archivos/Project SentinelOps/vendor/laravel/framework/src/Illuminate/Foundation/Http/Middleware/TransformsRequest.php(21): Illuminate\\Pipeline\\Pipeline->{closure:Illuminate\\Pipeline\\Pipeline::prepareDestination():142}()
#50 /home/mathias/Escritorio/Archivos/Project SentinelOps/vendor/laravel/framework/src/Illuminate/Foundation/Http/Middleware/ConvertEmptyStringsToNull.php(31): Illuminate\\Foundation\\Http\\Middleware\\TransformsRequest->handle()
#51 /home/mathias/Escritorio/Archivos/Project SentinelOps/vendor/laravel/framework/src/Illuminate/Pipeline/Pipeline.php(183): Illuminate\\Foundation\\Http\\Middleware\\ConvertEmptyStringsToNull->handle()
#52 /home/mathias/Escritorio/Archivos/Project SentinelOps/vendor/laravel/framework/src/Illuminate/Foundation/Http/Middleware/TransformsRequest.php(21): Illuminate\\Pipeline\\Pipeline->{closure:{closure:Illuminate\\Pipeline\\Pipeline::carry():158}:159}()
#53 /home/mathias/Escritorio/Archivos/Project SentinelOps/vendor/laravel/framework/src/Illuminate/Foundation/Http/Middleware/TrimStrings.php(40): Illuminate\\Foundation\\Http\\Middleware\\TransformsRequest->handle()
#54 /home/mathias/Escritorio/Archivos/Project SentinelOps/vendor/laravel/framework/src/Illuminate/Pipeline/Pipeline.php(183): Illuminate\\Foundation\\Http\\Middleware\\TrimStrings->handle()
#55 /home/mathias/Escritorio/Archivos/Project SentinelOps/vendor/laravel/framework/src/Illuminate/Foundation/Http/Middleware/ValidatePostSize.php(27): Illuminate\\Pipeline\\Pipeline->{closure:{closure:Illuminate\\Pipeline\\Pipeline::carry():158}:159}()
#56 /home/mathias/Escritorio/Archivos/Project SentinelOps/vendor/laravel/framework/src/Illuminate/Pipeline/Pipeline.php(183): Illuminate\\Foundation\\Http\\Middleware\\ValidatePostSize->handle()
#57 /home/mathias/Escritorio/Archivos/Project SentinelOps/vendor/laravel/framework/src/Illuminate/Foundation/Http/Middleware/PreventRequestsDuringMaintenance.php(99): Illuminate\\Pipeline\\Pipeline->{closure:{closure:Illuminate\\Pipeline\\Pipeline::carry():158}:159}()
#58 /home/mathias/Escritorio/Archivos/Project SentinelOps/vendor/laravel/framework/src/Illuminate/Pipeline/Pipeline.php(183): Illuminate\\Foundation\\Http\\Middleware\\PreventRequestsDuringMaintenance->handle()
#59 /home/mathias/Escritorio/Archivos/Project SentinelOps/vendor/laravel/framework/src/Illuminate/Http/Middleware/HandleCors.php(49): Illuminate\\Pipeline\\Pipeline->{closure:{closure:Illuminate\\Pipeline\\Pipeline::carry():158}:159}()
#60 /home/mathias/Escritorio/Archivos/Project SentinelOps/vendor/laravel/framework/src/Illuminate/Pipeline/Pipeline.php(183): Illuminate\\Http\\Middleware\\HandleCors->handle()
#61 /home/mathias/Escritorio/Archivos/Project SentinelOps/vendor/laravel/framework/src/Illuminate/Http/Middleware/TrustProxies.php(39): Illuminate\\Pipeline\\Pipeline->{closure:{closure:Illuminate\\Pipeline\\Pipeline::carry():158}:159}()
#62 /home/mathias/Escritorio/Archivos/Project SentinelOps/vendor/laravel/framework/src/Illuminate/Pipeline/Pipeline.php(183): Illuminate\\Http\\Middleware\\TrustProxies->handle()
#63 /home/mathias/Escritorio/Archivos/Project SentinelOps/vendor/laravel/framework/src/Illuminate/Pipeline/Pipeline.php(119): Illuminate\\Pipeline\\Pipeline->{closure:{closure:Illuminate\\Pipeline\\Pipeline::carry():158}:159}()
#64 /home/mathias/Escritorio/Archivos/Project SentinelOps/vendor/laravel/framework/src/Illuminate/Foundation/Http/Kernel.php(175): Illuminate\\Pipeline\\Pipeline->then()
#65 /home/mathias/Escritorio/Archivos/Project SentinelOps/vendor/laravel/framework/src/Illuminate/Foundation/Http/Kernel.php(144): Illuminate\\Foundation\\Http\\Kernel->sendRequestThroughRouter()
#66 /home/mathias/Escritorio/Archivos/Project SentinelOps/public/index.php(16): Illuminate\\Foundation\\Http\\Kernel->handle()
#67 /home/mathias/Escritorio/Archivos/Project SentinelOps/vendor/laravel/framework/src/Illuminate/Foundation/resources/server.php(16): require_once('...')
#68 {main}

[previous exception] [object] (Illuminate\\Database\\SQLiteDatabaseDoesNotExistException(code: 0): Database file at path [database/database.sqlite] does not exist. Ensure this is an absolute path to the database. at /home/mathias/Escritorio/Archivos/Project SentinelOps/vendor/laravel/framework/src/Illuminate/Database/Connectors/SQLiteConnector.php:34)
[stacktrace]
#0 /home/mathias/Escritorio/Archivos/Project SentinelOps/vendor/laravel/framework/src/Illuminate/Database/Connectors/ConnectionFactory.php(221): Illuminate\\Database\\Connectors\\SQLiteConnector->connect()
#1 [internal function]: Illuminate\\Database\\Connectors\\ConnectionFactory->{closure:Illuminate\\Database\\Connectors\\ConnectionFactory::createPdoResolverWithoutHosts():221}()
#2 /home/mathias/Escritorio/Archivos/Project SentinelOps/vendor/laravel/framework/src/Illuminate/Database/Connection.php(1339): call_user_func()
#3 /home/mathias/Escritorio/Archivos/Project SentinelOps/vendor/laravel/framework/src/Illuminate/Database/Connection.php(581): Illuminate\\Database\\Connection->getPdo()
#4 /home/mathias/Escritorio/Archivos/Project SentinelOps/vendor/laravel/framework/src/Illuminate/Database/Connection.php(816): Illuminate\\Database\\Connection->{closure:Illuminate\\Database\\Connection::statement():576}()
#5 /home/mathias/Escritorio/Archivos/Project SentinelOps/vendor/laravel/framework/src/Illuminate/Database/Connection.php(783): Illuminate\\Database\\Connection->runQueryCallback()
#6 /home/mathias/Escritorio/Archivos/Project SentinelOps/vendor/laravel/framework/src/Illuminate/Database/Connection.php(576): Illuminate\\Database\\Connection->run()
#7 /home/mathias/Escritorio/Archivos/Project SentinelOps/vendor/laravel/framework/src/Illuminate/Database/Schema/Builder.php(560): Illuminate\\Database\\Connection->statement()
#8 /home/mathias/Escritorio/Archivos/Project SentinelOps/vendor/laravel/framework/src/Illuminate/Database/SQLiteConnection.php(36): Illuminate\\Database\\Schema\\Builder->enableForeignKeyConstraints()
#9 /home/mathias/Escritorio/Archivos/Project SentinelOps/vendor/laravel/framework/src/Illuminate/Database/Connectors/ConnectionFactory.php(272): Illuminate\\Database\\SQLiteConnection->__construct()
#10 /home/mathias/Escritorio/Archivos/Project SentinelOps/vendor/laravel/framework/src/Illuminate/Database/Connectors/ConnectionFactory.php(75): Illuminate\\Database\\Connectors\\ConnectionFactory->createConnection()
#11 /home/mathias/Escritorio/Archivos/Project SentinelOps/vendor/laravel/framework/src/Illuminate/Database/Connectors/ConnectionFactory.php(50): Illuminate\\Database\\Connectors\\ConnectionFactory->createSingleConnection()
#12 /home/mathias/Escritorio/Archivos/Project SentinelOps/vendor/laravel/framework/src/Illuminate/Database/DatabaseManager.php(175): Illuminate\\Database\\Connectors\\ConnectionFactory->make()
#13 /home/mathias/Escritorio/Archivos/Project SentinelOps/vendor/laravel/framework/src/Illuminate/Database/DatabaseManager.php(101): Illuminate\\Database\\DatabaseManager->makeConnection()
#14 /home/mathias/Escritorio/Archivos/Project SentinelOps/vendor/laravel/framework/src/Illuminate/Database/Eloquent/Model.php(1820): Illuminate\\Database\\DatabaseManager->connection()
#15 /home/mathias/Escritorio/Archivos/Project SentinelOps/vendor/laravel/framework/src/Illuminate/Database/Eloquent/Model.php(1786): Illuminate\\Database\\Eloquent\\Model::resolveConnection()
#16 /home/mathias/Escritorio/Archivos/Project SentinelOps/vendor/laravel/framework/src/Illuminate/Database/Eloquent/Model.php(1577): Illuminate\\Database\\Eloquent\\Model->getConnection()
#17 /home/mathias/Escritorio/Archivos/Project SentinelOps/vendor/laravel/framework/src/Illuminate/Database/Eloquent/Model.php(1496): Illuminate\\Database\\Eloquent\\Model->newBaseQueryBuilder()
#18 /home/mathias/Escritorio/Archivos/Project SentinelOps/vendor/laravel/framework/src/Illuminate/Database/Eloquent/Model.php(1532): Illuminate\\Database\\Eloquent\\Model->newModelQuery()
#19 /home/mathias/Escritorio/Archivos/Project SentinelOps/vendor/laravel/framework/src/Illuminate/Database/Eloquent/Model.php(1485): Illuminate\\Database\\Eloquent\\Model->newQueryWithoutScopes()
#20 /home/mathias/Escritorio/Archivos/Project SentinelOps/vendor/laravel/framework/src/Illuminate/Auth/EloquentUserProvider.php(167): Illuminate\\Database\\Eloquent\\Model->newQuery()
#21 /home/mathias/Escritorio/Archivos/Project SentinelOps/vendor/laravel/framework/src/Illuminate/Auth/EloquentUserProvider.php(127): Illuminate\\Auth\\EloquentUserProvider->newModelQuery()
#22 /home/mathias/Escritorio/Archivos/Project SentinelOps/vendor/laravel/framework/src/Illuminate/Auth/SessionGuard.php(381): Illuminate\\Auth\\EloquentUserProvider->retrieveByCredentials()
#23 /home/mathias/Escritorio/Archivos/Project SentinelOps/vendor/laravel/framework/src/Illuminate/Auth/AuthManager.php(340): Illuminate\\Auth\\SessionGuard->attempt()
#24 /home/mathias/Escritorio/Archivos/Project SentinelOps/vendor/laravel/framework/src/Illuminate/Support/Facades/Facade.php(355): Illuminate\\Auth\\AuthManager->__call()
#25 /home/mathias/Escritorio/Archivos/Project SentinelOps/app/Http/Controllers/Web/AuthController.php(24): Illuminate\\Support\\Facades\\Facade::__callStatic()
#26 /home/mathias/Escritorio/Archivos/Project SentinelOps/vendor/laravel/framework/src/Illuminate/Routing/Controller.php(54): App\\Http\\Controllers\\Web\\AuthController->login()
#27 /home/mathias/Escritorio/Archivos/Project SentinelOps/vendor/laravel/framework/src/Illuminate/Routing/ControllerDispatcher.php(43): Illuminate\\Routing\\Controller->callAction()
#28 /home/mathias/Escritorio/Archivos/Project SentinelOps/vendor/laravel/framework/src/Illuminate/Routing/Route.php(259): Illuminate\\Routing\\ControllerDispatcher->dispatch()
#29 /home/mathias/Escritorio/Archivos/Project SentinelOps/vendor/laravel/framework/src/Illuminate/Routing/Route.php(205): Illuminate\\Routing\\Route->runController()
#30 /home/mathias/Escritorio/Archivos/Project SentinelOps/vendor/laravel/framework/src/Illuminate/Routing/Router.php(806): Illuminate\\Routing\\Route->run()
#31 /home/mathias/Escritorio/Archivos/Project SentinelOps/vendor/laravel/framework/src/Illuminate/Pipeline/Pipeline.php(144): Illuminate\\Routing\\Router->{closure:Illuminate\\Routing\\Router::runRouteWithinStack():805}()
#32 /home/mathias/Escritorio/Archivos/Project SentinelOps/app/Http/Middleware/RedirectIfAuthenticated.php(28): Illuminate\\Pipeline\\Pipeline->{closure:Illuminate\\Pipeline\\Pipeline::prepareDestination():142}()
#33 /home/mathias/Escritorio/Archivos/Project SentinelOps/vendor/laravel/framework/src/Illuminate/Pipeline/Pipeline.php(183): App\\Http\\Middleware\\RedirectIfAuthenticated->handle()
#34 /home/mathias/Escritorio/Archivos/Project SentinelOps/vendor/laravel/framework/src/Illuminate/Routing/Middleware/SubstituteBindings.php(50): Illuminate\\Pipeline\\Pipeline->{closure:{closure:Illuminate\\Pipeline\\Pipeline::carry():158}:159}()
#35 /home/mathias/Escritorio/Archivos/Project SentinelOps/vendor/laravel/framework/src/Illuminate/Pipeline/Pipeline.php(183): Illuminate\\Routing\\Middleware\\SubstituteBindings->handle()
#36 /home/mathias/Escritorio/Archivos/Project SentinelOps/vendor/laravel/framework/src/Illuminate/Foundation/Http/Middleware/VerifyCsrfToken.php(78): Illuminate\\Pipeline\\Pipeline->{closure:{closure:Illuminate\\Pipeline\\Pipeline::carry():158}:159}()
#37 /home/mathias/Escritorio/Archivos/Project SentinelOps/vendor/laravel/framework/src/Illuminate/Pipeline/Pipeline.php(183): Illuminate\\Foundation\\Http\\Middleware\\VerifyCsrfToken->handle()
#38 /home/mathias/Escritorio/Archivos/Project SentinelOps/vendor/laravel/framework/src/Illuminate/View/Middleware/ShareErrorsFromSession.php(49): Illuminate\\Pipeline\\Pipeline->{closure:{closure:Illuminate\\Pipeline\\Pipeline::carry():158}:159}()
#39 /home/mathias/Escritorio/Archivos/Project SentinelOps/vendor/laravel/framework/src/Illuminate/Pipeline/Pipeline.php(183): Illuminate\\View\\Middleware\\ShareErrorsFromSession->handle()
#40 /home/mathias/Escritorio/Archivos/Project SentinelOps/vendor/laravel/framework/src/Illuminate/Session/Middleware/StartSession.php(121): Illuminate\\Pipeline\\Pipeline->{closure:{closure:Illuminate\\Pipeline\\Pipeline::carry():158}:159}()
#41 /home/mathias/Escritorio/Archivos/Project SentinelOps/vendor/laravel/framework/src/Illuminate/Session/Middleware/StartSession.php(64): Illuminate\\Session\\Middleware\\StartSession->handleStatefulRequest()
#42 /home/mathias/Escritorio/Archivos/Project SentinelOps/vendor/laravel/framework/src/Illuminate/Pipeline/Pipeline.php(183): Illuminate\\Session\\Middleware\\StartSession->handle()
#43 /home/mathias/Escritorio/Archivos/Project SentinelOps/vendor/laravel/framework/src/Illuminate/Cookie/Middleware/AddQueuedCookiesToResponse.php(37): Illuminate\\Pipeline\\Pipeline->{closure:{closure:Illuminate\\Pipeline\\Pipeline::carry():158}:159}()
#44 /home/mathias/Escritorio/Archivos/Project SentinelOps/vendor/laravel/framework/src/Illuminate/Pipeline/Pipeline.php(183): Illuminate\\Cookie\\Middleware\\AddQueuedCookiesToResponse->handle()
#45 /home/mathias/Escritorio/Archivos/Project SentinelOps/vendor/laravel/framework/src/Illuminate/Cookie/Middleware/EncryptCookies.php(67): Illuminate\\Pipeline\\Pipeline->{closure:{closure:Illuminate\\Pipeline\\Pipeline::carry():158}:159}()
#46 /home/mathias/Escritorio/Archivos/Project SentinelOps/vendor/laravel/framework/src/Illuminate/Pipeline/Pipeline.php(183): Illuminate\\Cookie\\Middleware\\EncryptCookies->handle()
#47 /home/mathias/Escritorio/Archivos/Project SentinelOps/vendor/laravel/framework/src/Illuminate/Pipeline/Pipeline.php(119): Illuminate\\Pipeline\\Pipeline->{closure:{closure:Illuminate\\Pipeline\\Pipeline::carry():158}:159}()
#48 /home/mathias/Escritorio/Archivos/Project SentinelOps/vendor/laravel/framework/src/Illuminate/Routing/Router.php(805): Illuminate\\Pipeline\\Pipeline->then()
#49 /home/mathias/Escritorio/Archivos/Project SentinelOps/vendor/laravel/framework/src/Illuminate/Routing/Router.php(784): Illuminate\\Routing\\Router->runRouteWithinStack()
#50 /home/mathias/Escritorio/Archivos/Project SentinelOps/vendor/laravel/framework/src/Illuminate/Routing/Router.php(748): Illuminate\\Routing\\Router->runRoute()
#51 /home/mathias/Escritorio/Archivos/Project SentinelOps/vendor/laravel/framework/src/Illuminate/Routing/Router.php(737): Illuminate\\Routing\\Router->dispatchToRoute()
#52 /home/mathias/Escritorio/Archivos/Project SentinelOps/vendor/laravel/framework/src/Illuminate/Foundation/Http/Kernel.php(200): Illuminate\\Routing\\Router->dispatch()
#53 /home/mathias/Escritorio/Archivos/Project SentinelOps/vendor/laravel/framework/src/Illuminate/Pipeline/Pipeline.php(144): Illuminate\\Foundation\\Http\\Kernel->{closure:Illuminate\\Foundation\\Http\\Kernel::dispatchToRouter():197}()
#54 /home/mathias/Escritorio/Archivos/Project SentinelOps/vendor/laravel/framework/src/Illuminate/Foundation/Http/Middleware/TransformsRequest.php(21): Illuminate\\Pipeline\\Pipeline->{closure:Illuminate\\Pipeline\\Pipeline::prepareDestination():142}()
#55 /home/mathias/Escritorio/Archivos/Project SentinelOps/vendor/laravel/framework/src/Illuminate/Foundation/Http/Middleware/ConvertEmptyStringsToNull.php(31): Illuminate\\Foundation\\Http\\Middleware\\TransformsRequest->handle()
#56 /home/mathias/Escritorio/Archivos/Project SentinelOps/vendor/laravel/framework/src/Illuminate/Pipeline/Pipeline.php(183): Illuminate\\Foundation\\Http\\Middleware\\ConvertEmptyStringsToNull->handle()
#57 /home/mathias/Escritorio/Archivos/Project SentinelOps/vendor/laravel/framework/src/Illuminate/Foundation/Http/Middleware/TransformsRequest.php(21): Illuminate\\Pipeline\\Pipeline->{closure:{closure:Illuminate\\Pipeline\\Pipeline::carry():158}:159}()
#58 /home/mathias/Escritorio/Archivos/Project SentinelOps/vendor/laravel/framework/src/Illuminate/Foundation/Http/Middleware/TrimStrings.php(40): Illuminate\\Foundation\\Http\\Middleware\\TransformsRequest->handle()
#59 /home/mathias/Escritorio/Archivos/Project SentinelOps/vendor/laravel/framework/src/Illuminate/Pipeline/Pipeline.php(183): Illuminate\\Foundation\\Http\\Middleware\\TrimStrings->handle()
#60 /home/mathias/Escritorio/Archivos/Project SentinelOps/vendor/laravel/framework/src/Illuminate/Foundation/Http/Middleware/ValidatePostSize.php(27): Illuminate\\Pipeline\\Pipeline->{closure:{closure:Illuminate\\Pipeline\\Pipeline::carry():158}:159}()
#61 /home/mathias/Escritorio/Archivos/Project SentinelOps/vendor/laravel/framework/src/Illuminate/Pipeline/Pipeline.php(183): Illuminate\\Foundation\\Http\\Middleware\\ValidatePostSize->handle()
#62 /home/mathias/Escritorio/Archivos/Project SentinelOps/vendor/laravel/framework/src/Illuminate/Foundation/Http/Middleware/PreventRequestsDuringMaintenance.php(99): Illuminate\\Pipeline\\Pipeline->{closure:{closure:Illuminate\\Pipeline\\Pipeline::carry():158}:159}()
#63 /home/mathias/Escritorio/Archivos/Project SentinelOps/vendor/laravel/framework/src/Illuminate/Pipeline/Pipeline.php(183): Illuminate\\Foundation\\Http\\Middleware\\PreventRequestsDuringMaintenance->handle()
#64 /home/mathias/Escritorio/Archivos/Project SentinelOps/vendor/laravel/framework/src/Illuminate/Http/Middleware/HandleCors.php(49): Illuminate\\Pipeline\\Pipeline->{closure:{closure:Illuminate\\Pipeline\\Pipeline::carry():158}:159}()
#65 /home/mathias/Escritorio/Archivos/Project SentinelOps/vendor/laravel/framework/src/Illuminate/Pipeline/Pipeline.php(183): Illuminate\\Http\\Middleware\\HandleCors->handle()
#66 /home/mathias/Escritorio/Archivos/Project SentinelOps/vendor/laravel/framework/src/Illuminate/Http/Middleware/TrustProxies.php(39): Illuminate\\Pipeline\\Pipeline->{closure:{closure:Illuminate\\Pipeline\\Pipeline::carry():158}:159}()
#67 /home/mathias/Escritorio/Archivos/Project SentinelOps/vendor/laravel/framework/src/Illuminate/Pipeline/Pipeline.php(183): Illuminate\\Http\\Middleware\\TrustProxies->handle()
#68 /home/mathias/Escritorio/Archivos/Project SentinelOps/vendor/laravel/framework/src/Illuminate/Pipeline/Pipeline.php(119): Illuminate\\Pipeline\\Pipeline->{closure:{closure:Illuminate\\Pipeline\\Pipeline::carry():158}:159}()
#69 /home/mathias/Escritorio/Archivos/Project SentinelOps/vendor/laravel/framework/src/Illuminate/Foundation/Http/Kernel.php(175): Illuminate\\Pipeline\\Pipeline->then()
#70 /home/mathias/Escritorio/Archivos/Project SentinelOps/vendor/laravel/framework/src/Illuminate/Foundation/Http/Kernel.php(144): Illuminate\\Foundation\\Http\\Kernel->sendRequestThroughRouter()
#71 /home/mathias/Escritorio/Archivos/Project SentinelOps/public/index.php(16): Illuminate\\Foundation\\Http\\Kernel->handle()
#72 /home/mathias/Escritorio/Archivos/Project SentinelOps/vendor/laravel/framework/src/Illuminate/Foundation/resources/server.php(16): require_once('...')
#73 {main}
"} 
[2026-05-26 20:08:16] local.ERROR: Database file at path [database/database.sqlite] does not exist. Ensure this is an absolute path to the database. (Connection: sqlite, SQL: PRAGMA foreign_keys = ON;) {"exception":"[object] (Illuminate\\Database\\QueryException(code: 0): Database file at path [database/database.sqlite] does not exist. Ensure this is an absolute path to the database. (Connection: sqlite, SQL: PRAGMA foreign_keys = ON;) at /home/mathias/Escritorio/Archivos/Project SentinelOps/vendor/laravel/framework/src/Illuminate/Database/Connection.php:829)
[stacktrace]
#0 /home/mathias/Escritorio/Archivos/Project SentinelOps/vendor/laravel/framework/src/Illuminate/Database/Connection.php(783): Illuminate\\Database\\Connection->runQueryCallback()
#1 /home/mathias/Escritorio/Archivos/Project SentinelOps/vendor/laravel/framework/src/Illuminate/Database/Connection.php(576): Illuminate\\Database\\Connection->run()
#2 /home/mathias/Escritorio/Archivos/Project SentinelOps/vendor/laravel/framework/src/Illuminate/Database/Schema/Builder.php(560): Illuminate\\Database\\Connection->statement()
#3 /home/mathias/Escritorio/Archivos/Project SentinelOps/vendor/laravel/framework/src/Illuminate/Database/SQLiteConnection.php(36): Illuminate\\Database\\Schema\\Builder->enableForeignKeyConstraints()
#4 /home/mathias/Escritorio/Archivos/Project SentinelOps/vendor/laravel/framework/src/Illuminate/Database/Connectors/ConnectionFactory.php(272): Illuminate\\Database\\SQLiteConnection->__construct()
#5 /home/mathias/Escritorio/Archivos/Project SentinelOps/vendor/laravel/framework/src/Illuminate/Database/Connectors/ConnectionFactory.php(75): Illuminate\\Database\\Connectors\\ConnectionFactory->createConnection()
#6 /home/mathias/Escritorio/Archivos/Project SentinelOps/vendor/laravel/framework/src/Illuminate/Database/Connectors/ConnectionFactory.php(50): Illuminate\\Database\\Connectors\\ConnectionFactory->createSingleConnection()
#7 /home/mathias/Escritorio/Archivos/Project SentinelOps/vendor/laravel/framework/src/Illuminate/Database/DatabaseManager.php(175): Illuminate\\Database\\Connectors\\ConnectionFactory->make()
#8 /home/mathias/Escritorio/Archivos/Project SentinelOps/vendor/laravel/framework/src/Illuminate/Database/DatabaseManager.php(101): Illuminate\\Database\\DatabaseManager->makeConnection()
#9 /home/mathias/Escritorio/Archivos/Project SentinelOps/vendor/laravel/framework/src/Illuminate/Database/Eloquent/Model.php(1820): Illuminate\\Database\\DatabaseManager->connection()
#10 /home/mathias/Escritorio/Archivos/Project SentinelOps/vendor/laravel/framework/src/Illuminate/Database/Eloquent/Model.php(1786): Illuminate\\Database\\Eloquent\\Model::resolveConnection()
#11 /home/mathias/Escritorio/Archivos/Project SentinelOps/vendor/laravel/framework/src/Illuminate/Database/Eloquent/Model.php(1577): Illuminate\\Database\\Eloquent\\Model->getConnection()
#12 /home/mathias/Escritorio/Archivos/Project SentinelOps/vendor/laravel/framework/src/Illuminate/Database/Eloquent/Model.php(1496): Illuminate\\Database\\Eloquent\\Model->newBaseQueryBuilder()
#13 /home/mathias/Escritorio/Archivos/Project SentinelOps/vendor/laravel/framework/src/Illuminate/Database/Eloquent/Model.php(1532): Illuminate\\Database\\Eloquent\\Model->newModelQuery()
#14 /home/mathias/Escritorio/Archivos/Project SentinelOps/vendor/laravel/framework/src/Illuminate/Database/Eloquent/Model.php(1485): Illuminate\\Database\\Eloquent\\Model->newQueryWithoutScopes()
#15 /home/mathias/Escritorio/Archivos/Project SentinelOps/vendor/laravel/framework/src/Illuminate/Auth/EloquentUserProvider.php(167): Illuminate\\Database\\Eloquent\\Model->newQuery()
#16 /home/mathias/Escritorio/Archivos/Project SentinelOps/vendor/laravel/framework/src/Illuminate/Auth/EloquentUserProvider.php(127): Illuminate\\Auth\\EloquentUserProvider->newModelQuery()
#17 /home/mathias/Escritorio/Archivos/Project SentinelOps/vendor/laravel/framework/src/Illuminate/Auth/SessionGuard.php(381): Illuminate\\Auth\\EloquentUserProvider->retrieveByCredentials()
#18 /home/mathias/Escritorio/Archivos/Project SentinelOps/vendor/laravel/framework/src/Illuminate/Auth/AuthManager.php(340): Illuminate\\Auth\\SessionGuard->attempt()
#19 /home/mathias/Escritorio/Archivos/Project SentinelOps/vendor/laravel/framework/src/Illuminate/Support/Facades/Facade.php(355): Illuminate\\Auth\\AuthManager->__call()
#20 /home/mathias/Escritorio/Archivos/Project SentinelOps/app/Http/Controllers/Web/AuthController.php(24): Illuminate\\Support\\Facades\\Facade::__callStatic()
#21 /home/mathias/Escritorio/Archivos/Project SentinelOps/vendor/laravel/framework/src/Illuminate/Routing/Controller.php(54): App\\Http\\Controllers\\Web\\AuthController->login()
#22 /home/mathias/Escritorio/Archivos/Project SentinelOps/vendor/laravel/framework/src/Illuminate/Routing/ControllerDispatcher.php(43): Illuminate\\Routing\\Controller->callAction()
#23 /home/mathias/Escritorio/Archivos/Project SentinelOps/vendor/laravel/framework/src/Illuminate/Routing/Route.php(259): Illuminate\\Routing\\ControllerDispatcher->dispatch()
#24 /home/mathias/Escritorio/Archivos/Project SentinelOps/vendor/laravel/framework/src/Illuminate/Routing/Route.php(205): Illuminate\\Routing\\Route->runController()
#25 /home/mathias/Escritorio/Archivos/Project SentinelOps/vendor/laravel/framework/src/Illuminate/Routing/Router.php(806): Illuminate\\Routing\\Route->run()
#26 /home/mathias/Escritorio/Archivos/Project SentinelOps/vendor/laravel/framework/src/Illuminate/Pipeline/Pipeline.php(144): Illuminate\\Routing\\Router->{closure:Illuminate\\Routing\\Router::runRouteWithinStack():805}()
#27 /home/mathias/Escritorio/Archivos/Project SentinelOps/app/Http/Middleware/RedirectIfAuthenticated.php(28): Illuminate\\Pipeline\\Pipeline->{closure:Illuminate\\Pipeline\\Pipeline::prepareDestination():142}()
#28 /home/mathias/Escritorio/Archivos/Project SentinelOps/vendor/laravel/framework/src/Illuminate/Pipeline/Pipeline.php(183): App\\Http\\Middleware\\RedirectIfAuthenticated->handle()
#29 /home/mathias/Escritorio/Archivos/Project SentinelOps/vendor/laravel/framework/src/Illuminate/Routing/Middleware/SubstituteBindings.php(50): Illuminate\\Pipeline\\Pipeline->{closure:{closure:Illuminate\\Pipeline\\Pipeline::carry():158}:159}()
#30 /home/mathias/Escritorio/Archivos/Project SentinelOps/vendor/laravel/framework/src/Illuminate/Pipeline/Pipeline.php(183): Illuminate\\Routing\\Middleware\\SubstituteBindings->handle()
#31 /home/mathias/Escritorio/Archivos/Project SentinelOps/vendor/laravel/framework/src/Illuminate/Foundation/Http/Middleware/VerifyCsrfToken.php(78): Illuminate\\Pipeline\\Pipeline->{closure:{closure:Illuminate\\Pipeline\\Pipeline::carry():158}:159}()
#32 /home/mathias/Escritorio/Archivos/Project SentinelOps/vendor/laravel/framework/src/Illuminate/Pipeline/Pipeline.php(183): Illuminate\\Foundation\\Http\\Middleware\\VerifyCsrfToken->handle()
#33 /home/mathias/Escritorio/Archivos/Project SentinelOps/vendor/laravel/framework/src/Illuminate/View/Middleware/ShareErrorsFromSession.php(49): Illuminate\\Pipeline\\Pipeline->{closure:{closure:Illuminate\\Pipeline\\Pipeline::carry():158}:159}()
#34 /home/mathias/Escritorio/Archivos/Project SentinelOps/vendor/laravel/framework/src/Illuminate/Pipeline/Pipeline.php(183): Illuminate\\View\\Middleware\\ShareErrorsFromSession->handle()
#35 /home/mathias/Escritorio/Archivos/Project SentinelOps/vendor/laravel/framework/src/Illuminate/Session/Middleware/StartSession.php(121): Illuminate\\Pipeline\\Pipeline->{closure:{closure:Illuminate\\Pipeline\\Pipeline::carry():158}:159}()
#36 /home/mathias/Escritorio/Archivos/Project SentinelOps/vendor/laravel/framework/src/Illuminate/Session/Middleware/StartSession.php(64): Illuminate\\Session\\Middleware\\StartSession->handleStatefulRequest()
#37 /home/mathias/Escritorio/Archivos/Project SentinelOps/vendor/laravel/framework/src/Illuminate/Pipeline/Pipeline.php(183): Illuminate\\Session\\Middleware\\StartSession->handle()
#38 /home/mathias/Escritorio/Archivos/Project SentinelOps/vendor/laravel/framework/src/Illuminate/Cookie/Middleware/AddQueuedCookiesToResponse.php(37): Illuminate\\Pipeline\\Pipeline->{closure:{closure:Illuminate\\Pipeline\\Pipeline::carry():158}:159}()
#39 /home/mathias/Escritorio/Archivos/Project SentinelOps/vendor/laravel/framework/src/Illuminate/Pipeline/Pipeline.php(183): Illuminate\\Cookie\\Middleware\\AddQueuedCookiesToResponse->handle()
#40 /home/mathias/Escritorio/Archivos/Project SentinelOps/vendor/laravel/framework/src/Illuminate/Cookie/Middleware/EncryptCookies.php(67): Illuminate\\Pipeline\\Pipeline->{closure:{closure:Illuminate\\Pipeline\\Pipeline::carry():158}:159}()
#41 /home/mathias/Escritorio/Archivos/Project SentinelOps/vendor/laravel/framework/src/Illuminate/Pipeline/Pipeline.php(183): Illuminate\\Cookie\\Middleware\\EncryptCookies->handle()
#42 /home/mathias/Escritorio/Archivos/Project SentinelOps/vendor/laravel/framework/src/Illuminate/Pipeline/Pipeline.php(119): Illuminate\\Pipeline\\Pipeline->{closure:{closure:Illuminate\\Pipeline\\Pipeline::carry():158}:159}()
#43 /home/mathias/Escritorio/Archivos/Project SentinelOps/vendor/laravel/framework/src/Illuminate/Routing/Router.php(805): Illuminate\\Pipeline\\Pipeline->then()
#44 /home/mathias/Escritorio/Archivos/Project SentinelOps/vendor/laravel/framework/src/Illuminate/Routing/Router.php(784): Illuminate\\Routing\\Router->runRouteWithinStack()
#45 /home/mathias/Escritorio/Archivos/Project SentinelOps/vendor/laravel/framework/src/Illuminate/Routing/Router.php(748): Illuminate\\Routing\\Router->runRoute()
#46 /home/mathias/Escritorio/Archivos/Project SentinelOps/vendor/laravel/framework/src/Illuminate/Routing/Router.php(737): Illuminate\\Routing\\Router->dispatchToRoute()
#47 /home/mathias/Escritorio/Archivos/Project SentinelOps/vendor/laravel/framework/src/Illuminate/Foundation/Http/Kernel.php(200): Illuminate\\Routing\\Router->dispatch()
#48 /home/mathias/Escritorio/Archivos/Project SentinelOps/vendor/laravel/framework/src/Illuminate/Pipeline/Pipeline.php(144): Illuminate\\Foundation\\Http\\Kernel->{closure:Illuminate\\Foundation\\Http\\Kernel::dispatchToRouter():197}()
#49 /home/mathias/Escritorio/Archivos/Project SentinelOps/vendor/laravel/framework/src/Illuminate/Foundation/Http/Middleware/TransformsRequest.php(21): Illuminate\\Pipeline\\Pipeline->{closure:Illuminate\\Pipeline\\Pipeline::prepareDestination():142}()
#50 /home/mathias/Escritorio/Archivos/Project SentinelOps/vendor/laravel/framework/src/Illuminate/Foundation/Http/Middleware/ConvertEmptyStringsToNull.php(31): Illuminate\\Foundation\\Http\\Middleware\\TransformsRequest->handle()
#51 /home/mathias/Escritorio/Archivos/Project SentinelOps/vendor/laravel/framework/src/Illuminate/Pipeline/Pipeline.php(183): Illuminate\\Foundation\\Http\\Middleware\\ConvertEmptyStringsToNull->handle()
#52 /home/mathias/Escritorio/Archivos/Project SentinelOps/vendor/laravel/framework/src/Illuminate/Foundation/Http/Middleware/TransformsRequest.php(21): Illuminate\\Pipeline\\Pipeline->{closure:{closure:Illuminate\\Pipeline\\Pipeline::carry():158}:159}()
#53 /home/mathias/Escritorio/Archivos/Project SentinelOps/vendor/laravel/framework/src/Illuminate/Foundation/Http/Middleware/TrimStrings.php(40): Illuminate\\Foundation\\Http\\Middleware\\TransformsRequest->handle()
#54 /home/mathias/Escritorio/Archivos/Project SentinelOps/vendor/laravel/framework/src/Illuminate/Pipeline/Pipeline.php(183): Illuminate\\Foundation\\Http\\Middleware\\TrimStrings->handle()
#55 /home/mathias/Escritorio/Archivos/Project SentinelOps/vendor/laravel/framework/src/Illuminate/Foundation/Http/Middleware/ValidatePostSize.php(27): Illuminate\\Pipeline\\Pipeline->{closure:{closure:Illuminate\\Pipeline\\Pipeline::carry():158}:159}()
#56 /home/mathias/Escritorio/Archivos/Project SentinelOps/vendor/laravel/framework/src/Illuminate/Pipeline/Pipeline.php(183): Illuminate\\Foundation\\Http\\Middleware\\ValidatePostSize->handle()
#57 /home/mathias/Escritorio/Archivos/Project SentinelOps/vendor/laravel/framework/src/Illuminate/Foundation/Http/Middleware/PreventRequestsDuringMaintenance.php(99): Illuminate\\Pipeline\\Pipeline->{closure:{closure:Illuminate\\Pipeline\\Pipeline::carry():158}:159}()
#58 /home/mathias/Escritorio/Archivos/Project SentinelOps/vendor/laravel/framework/src/Illuminate/Pipeline/Pipeline.php(183): Illuminate\\Foundation\\Http\\Middleware\\PreventRequestsDuringMaintenance->handle()
#59 /home/mathias/Escritorio/Archivos/Project SentinelOps/vendor/laravel/framework/src/Illuminate/Http/Middleware/HandleCors.php(49): Illuminate\\Pipeline\\Pipeline->{closure:{closure:Illuminate\\Pipeline\\Pipeline::carry():158}:159}()
#60 /home/mathias/Escritorio/Archivos/Project SentinelOps/vendor/laravel/framework/src/Illuminate/Pipeline/Pipeline.php(183): Illuminate\\Http\\Middleware\\HandleCors->handle()
#61 /home/mathias/Escritorio/Archivos/Project SentinelOps/vendor/laravel/framework/src/Illuminate/Http/Middleware/TrustProxies.php(39): Illuminate\\Pipeline\\Pipeline->{closure:{closure:Illuminate\\Pipeline\\Pipeline::carry():158}:159}()
#62 /home/mathias/Escritorio/Archivos/Project SentinelOps/vendor/laravel/framework/src/Illuminate/Pipeline/Pipeline.php(183): Illuminate\\Http\\Middleware\\TrustProxies->handle()
#63 /home/mathias/Escritorio/Archivos/Project SentinelOps/vendor/laravel/framework/src/Illuminate/Pipeline/Pipeline.php(119): Illuminate\\Pipeline\\Pipeline->{closure:{closure:Illuminate\\Pipeline\\Pipeline::carry():158}:159}()
#64 /home/mathias/Escritorio/Archivos/Project SentinelOps/vendor/laravel/framework/src/Illuminate/Foundation/Http/Kernel.php(175): Illuminate\\Pipeline\\Pipeline->then()
#65 /home/mathias/Escritorio/Archivos/Project SentinelOps/vendor/laravel/framework/src/Illuminate/Foundation/Http/Kernel.php(144): Illuminate\\Foundation\\Http\\Kernel->sendRequestThroughRouter()
#66 /home/mathias/Escritorio/Archivos/Project SentinelOps/public/index.php(16): Illuminate\\Foundation\\Http\\Kernel->handle()
#67 /home/mathias/Escritorio/Archivos/Project SentinelOps/vendor/laravel/framework/src/Illuminate/Foundation/resources/server.php(16): require_once('...')
#68 {main}

[previous exception] [object] (Illuminate\\Database\\SQLiteDatabaseDoesNotExistException(code: 0): Database file at path [database/database.sqlite] does not exist. Ensure this is an absolute path to the database. at /home/mathias/Escritorio/Archivos/Project SentinelOps/vendor/laravel/framework/src/Illuminate/Database/Connectors/SQLiteConnector.php:34)
[stacktrace]
#0 /home/mathias/Escritorio/Archivos/Project SentinelOps/vendor/laravel/framework/src/Illuminate/Database/Connectors/ConnectionFactory.php(221): Illuminate\\Database\\Connectors\\SQLiteConnector->connect()
#1 [internal function]: Illuminate\\Database\\Connectors\\ConnectionFactory->{closure:Illuminate\\Database\\Connectors\\ConnectionFactory::createPdoResolverWithoutHosts():221}()
#2 /home/mathias/Escritorio/Archivos/Project SentinelOps/vendor/laravel/framework/src/Illuminate/Database/Connection.php(1339): call_user_func()
#3 /home/mathias/Escritorio/Archivos/Project SentinelOps/vendor/laravel/framework/src/Illuminate/Database/Connection.php(581): Illuminate\\Database\\Connection->getPdo()
#4 /home/mathias/Escritorio/Archivos/Project SentinelOps/vendor/laravel/framework/src/Illuminate/Database/Connection.php(816): Illuminate\\Database\\Connection->{closure:Illuminate\\Database\\Connection::statement():576}()
#5 /home/mathias/Escritorio/Archivos/Project SentinelOps/vendor/laravel/framework/src/Illuminate/Database/Connection.php(783): Illuminate\\Database\\Connection->runQueryCallback()
#6 /home/mathias/Escritorio/Archivos/Project SentinelOps/vendor/laravel/framework/src/Illuminate/Database/Connection.php(576): Illuminate\\Database\\Connection->run()
#7 /home/mathias/Escritorio/Archivos/Project SentinelOps/vendor/laravel/framework/src/Illuminate/Database/Schema/Builder.php(560): Illuminate\\Database\\Connection->statement()
#8 /home/mathias/Escritorio/Archivos/Project SentinelOps/vendor/laravel/framework/src/Illuminate/Database/SQLiteConnection.php(36): Illuminate\\Database\\Schema\\Builder->enableForeignKeyConstraints()
#9 /home/mathias/Escritorio/Archivos/Project SentinelOps/vendor/laravel/framework/src/Illuminate/Database/Connectors/ConnectionFactory.php(272): Illuminate\\Database\\SQLiteConnection->__construct()
#10 /home/mathias/Escritorio/Archivos/Project SentinelOps/vendor/laravel/framework/src/Illuminate/Database/Connectors/ConnectionFactory.php(75): Illuminate\\Database\\Connectors\\ConnectionFactory->createConnection()
#11 /home/mathias/Escritorio/Archivos/Project SentinelOps/vendor/laravel/framework/src/Illuminate/Database/Connectors/ConnectionFactory.php(50): Illuminate\\Database\\Connectors\\ConnectionFactory->createSingleConnection()
#12 /home/mathias/Escritorio/Archivos/Project SentinelOps/vendor/laravel/framework/src/Illuminate/Database/DatabaseManager.php(175): Illuminate\\Database\\Connectors\\ConnectionFactory->make()
#13 /home/mathias/Escritorio/Archivos/Project SentinelOps/vendor/laravel/framework/src/Illuminate/Database/DatabaseManager.php(101): Illuminate\\Database\\DatabaseManager->makeConnection()
#14 /home/mathias/Escritorio/Archivos/Project SentinelOps/vendor/laravel/framework/src/Illuminate/Database/Eloquent/Model.php(1820): Illuminate\\Database\\DatabaseManager->connection()
#15 /home/mathias/Escritorio/Archivos/Project SentinelOps/vendor/laravel/framework/src/Illuminate/Database/Eloquent/Model.php(1786): Illuminate\\Database\\Eloquent\\Model::resolveConnection()
#16 /home/mathias/Escritorio/Archivos/Project SentinelOps/vendor/laravel/framework/src/Illuminate/Database/Eloquent/Model.php(1577): Illuminate\\Database\\Eloquent\\Model->getConnection()
#17 /home/mathias/Escritorio/Archivos/Project SentinelOps/vendor/laravel/framework/src/Illuminate/Database/Eloquent/Model.php(1496): Illuminate\\Database\\Eloquent\\Model->newBaseQueryBuilder()
#18 /home/mathias/Escritorio/Archivos/Project SentinelOps/vendor/laravel/framework/src/Illuminate/Database/Eloquent/Model.php(1532): Illuminate\\Database\\Eloquent\\Model->newModelQuery()
#19 /home/mathias/Escritorio/Archivos/Project SentinelOps/vendor/laravel/framework/src/Illuminate/Database/Eloquent/Model.php(1485): Illuminate\\Database\\Eloquent\\Model->newQueryWithoutScopes()
#20 /home/mathias/Escritorio/Archivos/Project SentinelOps/vendor/laravel/framework/src/Illuminate/Auth/EloquentUserProvider.php(167): Illuminate\\Database\\Eloquent\\Model->newQuery()
#21 /home/mathias/Escritorio/Archivos/Project SentinelOps/vendor/laravel/framework/src/Illuminate/Auth/EloquentUserProvider.php(127): Illuminate\\Auth\\EloquentUserProvider->newModelQuery()
#22 /home/mathias/Escritorio/Archivos/Project SentinelOps/vendor/laravel/framework/src/Illuminate/Auth/SessionGuard.php(381): Illuminate\\Auth\\EloquentUserProvider->retrieveByCredentials()
#23 /home/mathias/Escritorio/Archivos/Project SentinelOps/vendor/laravel/framework/src/Illuminate/Auth/AuthManager.php(340): Illuminate\\Auth\\SessionGuard->attempt()
#24 /home/mathias/Escritorio/Archivos/Project SentinelOps/vendor/laravel/framework/src/Illuminate/Support/Facades/Facade.php(355): Illuminate\\Auth\\AuthManager->__call()
#25 /home/mathias/Escritorio/Archivos/Project SentinelOps/app/Http/Controllers/Web/AuthController.php(24): Illuminate\\Support\\Facades\\Facade::__callStatic()
#26 /home/mathias/Escritorio/Archivos/Project SentinelOps/vendor/laravel/framework/src/Illuminate/Routing/Controller.php(54): App\\Http\\Controllers\\Web\\AuthController->login()
#27 /home/mathias/Escritorio/Archivos/Project SentinelOps/vendor/laravel/framework/src/Illuminate/Routing/ControllerDispatcher.php(43): Illuminate\\Routing\\Controller->callAction()
#28 /home/mathias/Escritorio/Archivos/Project SentinelOps/vendor/laravel/framework/src/Illuminate/Routing/Route.php(259): Illuminate\\Routing\\ControllerDispatcher->dispatch()
#29 /home/mathias/Escritorio/Archivos/Project SentinelOps/vendor/laravel/framework/src/Illuminate/Routing/Route.php(205): Illuminate\\Routing\\Route->runController()
#30 /home/mathias/Escritorio/Archivos/Project SentinelOps/vendor/laravel/framework/src/Illuminate/Routing/Router.php(806): Illuminate\\Routing\\Route->run()
#31 /home/mathias/Escritorio/Archivos/Project SentinelOps/vendor/laravel/framework/src/Illuminate/Pipeline/Pipeline.php(144): Illuminate\\Routing\\Router->{closure:Illuminate\\Routing\\Router::runRouteWithinStack():805}()
#32 /home/mathias/Escritorio/Archivos/Project SentinelOps/app/Http/Middleware/RedirectIfAuthenticated.php(28): Illuminate\\Pipeline\\Pipeline->{closure:Illuminate\\Pipeline\\Pipeline::prepareDestination():142}()
#33 /home/mathias/Escritorio/Archivos/Project SentinelOps/vendor/laravel/framework/src/Illuminate/Pipeline/Pipeline.php(183): App\\Http\\Middleware\\RedirectIfAuthenticated->handle()
#34 /home/mathias/Escritorio/Archivos/Project SentinelOps/vendor/laravel/framework/src/Illuminate/Routing/Middleware/SubstituteBindings.php(50): Illuminate\\Pipeline\\Pipeline->{closure:{closure:Illuminate\\Pipeline\\Pipeline::carry():158}:159}()
#35 /home/mathias/Escritorio/Archivos/Project SentinelOps/vendor/laravel/framework/src/Illuminate/Pipeline/Pipeline.php(183): Illuminate\\Routing\\Middleware\\SubstituteBindings->handle()
#36 /home/mathias/Escritorio/Archivos/Project SentinelOps/vendor/laravel/framework/src/Illuminate/Foundation/Http/Middleware/VerifyCsrfToken.php(78): Illuminate\\Pipeline\\Pipeline->{closure:{closure:Illuminate\\Pipeline\\Pipeline::carry():158}:159}()
#37 /home/mathias/Escritorio/Archivos/Project SentinelOps/vendor/laravel/framework/src/Illuminate/Pipeline/Pipeline.php(183): Illuminate\\Foundation\\Http\\Middleware\\VerifyCsrfToken->handle()
#38 /home/mathias/Escritorio/Archivos/Project SentinelOps/vendor/laravel/framework/src/Illuminate/View/Middleware/ShareErrorsFromSession.php(49): Illuminate\\Pipeline\\Pipeline->{closure:{closure:Illuminate\\Pipeline\\Pipeline::carry():158}:159}()
#39 /home/mathias/Escritorio/Archivos/Project SentinelOps/vendor/laravel/framework/src/Illuminate/Pipeline/Pipeline.php(183): Illuminate\\View\\Middleware\\ShareErrorsFromSession->handle()
#40 /home/mathias/Escritorio/Archivos/Project SentinelOps/vendor/laravel/framework/src/Illuminate/Session/Middleware/StartSession.php(121): Illuminate\\Pipeline\\Pipeline->{closure:{closure:Illuminate\\Pipeline\\Pipeline::carry():158}:159}()
#41 /home/mathias/Escritorio/Archivos/Project SentinelOps/vendor/laravel/framework/src/Illuminate/Session/Middleware/StartSession.php(64): Illuminate\\Session\\Middleware\\StartSession->handleStatefulRequest()
#42 /home/mathias/Escritorio/Archivos/Project SentinelOps/vendor/laravel/framework/src/Illuminate/Pipeline/Pipeline.php(183): Illuminate\\Session\\Middleware\\StartSession->handle()
#43 /home/mathias/Escritorio/Archivos/Project SentinelOps/vendor/laravel/framework/src/Illuminate/Cookie/Middleware/AddQueuedCookiesToResponse.php(37): Illuminate\\Pipeline\\Pipeline->{closure:{closure:Illuminate\\Pipeline\\Pipeline::carry():158}:159}()
#44 /home/mathias/Escritorio/Archivos/Project SentinelOps/vendor/laravel/framework/src/Illuminate/Pipeline/Pipeline.php(183): Illuminate\\Cookie\\Middleware\\AddQueuedCookiesToResponse->handle()
#45 /home/mathias/Escritorio/Archivos/Project SentinelOps/vendor/laravel/framework/src/Illuminate/Cookie/Middleware/EncryptCookies.php(67): Illuminate\\Pipeline\\Pipeline->{closure:{closure:Illuminate\\Pipeline\\Pipeline::carry():158}:159}()
#46 /home/mathias/Escritorio/Archivos/Project SentinelOps/vendor/laravel/framework/src/Illuminate/Pipeline/Pipeline.php(183): Illuminate\\Cookie\\Middleware\\EncryptCookies->handle()
#47 /home/mathias/Escritorio/Archivos/Project SentinelOps/vendor/laravel/framework/src/Illuminate/Pipeline/Pipeline.php(119): Illuminate\\Pipeline\\Pipeline->{closure:{closure:Illuminate\\Pipeline\\Pipeline::carry():158}:159}()
#48 /home/mathias/Escritorio/Archivos/Project SentinelOps/vendor/laravel/framework/src/Illuminate/Routing/Router.php(805): Illuminate\\Pipeline\\Pipeline->then()
#49 /home/mathias/Escritorio/Archivos/Project SentinelOps/vendor/laravel/framework/src/Illuminate/Routing/Router.php(784): Illuminate\\Routing\\Router->runRouteWithinStack()
#50 /home/mathias/Escritorio/Archivos/Project SentinelOps/vendor/laravel/framework/src/Illuminate/Routing/Router.php(748): Illuminate\\Routing\\Router->runRoute()
#51 /home/mathias/Escritorio/Archivos/Project SentinelOps/vendor/laravel/framework/src/Illuminate/Routing/Router.php(737): Illuminate\\Routing\\Router->dispatchToRoute()
#52 /home/mathias/Escritorio/Archivos/Project SentinelOps/vendor/laravel/framework/src/Illuminate/Foundation/Http/Kernel.php(200): Illuminate\\Routing\\Router->dispatch()
#53 /home/mathias/Escritorio/Archivos/Project SentinelOps/vendor/laravel/framework/src/Illuminate/Pipeline/Pipeline.php(144): Illuminate\\Foundation\\Http\\Kernel->{closure:Illuminate\\Foundation\\Http\\Kernel::dispatchToRouter():197}()
#54 /home/mathias/Escritorio/Archivos/Project SentinelOps/vendor/laravel/framework/src/Illuminate/Foundation/Http/Middleware/TransformsRequest.php(21): Illuminate\\Pipeline\\Pipeline->{closure:Illuminate\\Pipeline\\Pipeline::prepareDestination():142}()
#55 /home/mathias/Escritorio/Archivos/Project SentinelOps/vendor/laravel/framework/src/Illuminate/Foundation/Http/Middleware/ConvertEmptyStringsToNull.php(31): Illuminate\\Foundation\\Http\\Middleware\\TransformsRequest->handle()
#56 /home/mathias/Escritorio/Archivos/Project SentinelOps/vendor/laravel/framework/src/Illuminate/Pipeline/Pipeline.php(183): Illuminate\\Foundation\\Http\\Middleware\\ConvertEmptyStringsToNull->handle()
#57 /home/mathias/Escritorio/Archivos/Project SentinelOps/vendor/laravel/framework/src/Illuminate/Foundation/Http/Middleware/TransformsRequest.php(21): Illuminate\\Pipeline\\Pipeline->{closure:{closure:Illuminate\\Pipeline\\Pipeline::carry():158}:159}()
#58 /home/mathias/Escritorio/Archivos/Project SentinelOps/vendor/laravel/framework/src/Illuminate/Foundation/Http/Middleware/TrimStrings.php(40): Illuminate\\Foundation\\Http\\Middleware\\TransformsRequest->handle()
#59 /home/mathias/Escritorio/Archivos/Project SentinelOps/vendor/laravel/framework/src/Illuminate/Pipeline/Pipeline.php(183): Illuminate\\Foundation\\Http\\Middleware\\TrimStrings->handle()
#60 /home/mathias/Escritorio/Archivos/Project SentinelOps/vendor/laravel/framework/src/Illuminate/Foundation/Http/Middleware/ValidatePostSize.php(27): Illuminate\\Pipeline\\Pipeline->{closure:{closure:Illuminate\\Pipeline\\Pipeline::carry():158}:159}()
#61 /home/mathias/Escritorio/Archivos/Project SentinelOps/vendor/laravel/framework/src/Illuminate/Pipeline/Pipeline.php(183): Illuminate\\Foundation\\Http\\Middleware\\ValidatePostSize->handle()
#62 /home/mathias/Escritorio/Archivos/Project SentinelOps/vendor/laravel/framework/src/Illuminate/Foundation/Http/Middleware/PreventRequestsDuringMaintenance.php(99): Illuminate\\Pipeline\\Pipeline->{closure:{closure:Illuminate\\Pipeline\\Pipeline::carry():158}:159}()
#63 /home/mathias/Escritorio/Archivos/Project SentinelOps/vendor/laravel/framework/src/Illuminate/Pipeline/Pipeline.php(183): Illuminate\\Foundation\\Http\\Middleware\\PreventRequestsDuringMaintenance->handle()
#64 /home/mathias/Escritorio/Archivos/Project SentinelOps/vendor/laravel/framework/src/Illuminate/Http/Middleware/HandleCors.php(49): Illuminate\\Pipeline\\Pipeline->{closure:{closure:Illuminate\\Pipeline\\Pipeline::carry():158}:159}()
#65 /home/mathias/Escritorio/Archivos/Project SentinelOps/vendor/laravel/framework/src/Illuminate/Pipeline/Pipeline.php(183): Illuminate\\Http\\Middleware\\HandleCors->handle()
#66 /home/mathias/Escritorio/Archivos/Project SentinelOps/vendor/laravel/framework/src/Illuminate/Http/Middleware/TrustProxies.php(39): Illuminate\\Pipeline\\Pipeline->{closure:{closure:Illuminate\\Pipeline\\Pipeline::carry():158}:159}()
#67 /home/mathias/Escritorio/Archivos/Project SentinelOps/vendor/laravel/framework/src/Illuminate/Pipeline/Pipeline.php(183): Illuminate\\Http\\Middleware\\TrustProxies->handle()
#68 /home/mathias/Escritorio/Archivos/Project SentinelOps/vendor/laravel/framework/src/Illuminate/Pipeline/Pipeline.php(119): Illuminate\\Pipeline\\Pipeline->{closure:{closure:Illuminate\\Pipeline\\Pipeline::carry():158}:159}()
#69 /home/mathias/Escritorio/Archivos/Project SentinelOps/vendor/laravel/framework/src/Illuminate/Foundation/Http/Kernel.php(175): Illuminate\\Pipeline\\Pipeline->then()
#70 /home/mathias/Escritorio/Archivos/Project SentinelOps/vendor/laravel/framework/src/Illuminate/Foundation/Http/Kernel.php(144): Illuminate\\Foundation\\Http\\Kernel->sendRequestThroughRouter()
#71 /home/mathias/Escritorio/Archivos/Project SentinelOps/public/index.php(16): Illuminate\\Foundation\\Http\\Kernel->handle()
#72 /home/mathias/Escritorio/Archivos/Project SentinelOps/vendor/laravel/framework/src/Illuminate/Foundation/resources/server.php(16): require_once('...')
#73 {main}
"} 
[2026-05-26 20:11:57] local.ERROR: could not find driver (Connection: sqlite, SQL: PRAGMA foreign_keys = ON;) {"exception":"[object] (Illuminate\\Database\\QueryException(code: 0): could not find driver (Connection: sqlite, SQL: PRAGMA foreign_keys = ON;) at /home/mathias/Escritorio/Archivos/Project SentinelOps/vendor/laravel/framework/src/Illuminate/Database/Connection.php:829)
[stacktrace]
#0 /home/mathias/Escritorio/Archivos/Project SentinelOps/vendor/laravel/framework/src/Illuminate/Database/Connection.php(783): Illuminate\\Database\\Connection->runQueryCallback()
#1 /home/mathias/Escritorio/Archivos/Project SentinelOps/vendor/laravel/framework/src/Illuminate/Database/Connection.php(576): Illuminate\\Database\\Connection->run()
#2 /home/mathias/Escritorio/Archivos/Project SentinelOps/vendor/laravel/framework/src/Illuminate/Database/Schema/Builder.php(560): Illuminate\\Database\\Connection->statement()
#3 /home/mathias/Escritorio/Archivos/Project SentinelOps/vendor/laravel/framework/src/Illuminate/Database/SQLiteConnection.php(36): Illuminate\\Database\\Schema\\Builder->enableForeignKeyConstraints()
#4 /home/mathias/Escritorio/Archivos/Project SentinelOps/vendor/laravel/framework/src/Illuminate/Database/Connectors/ConnectionFactory.php(272): Illuminate\\Database\\SQLiteConnection->__construct()
#5 /home/mathias/Escritorio/Archivos/Project SentinelOps/vendor/laravel/framework/src/Illuminate/Database/Connectors/ConnectionFactory.php(75): Illuminate\\Database\\Connectors\\ConnectionFactory->createConnection()
#6 /home/mathias/Escritorio/Archivos/Project SentinelOps/vendor/laravel/framework/src/Illuminate/Database/Connectors/ConnectionFactory.php(50): Illuminate\\Database\\Connectors\\ConnectionFactory->createSingleConnection()
#7 /home/mathias/Escritorio/Archivos/Project SentinelOps/vendor/laravel/framework/src/Illuminate/Database/DatabaseManager.php(175): Illuminate\\Database\\Connectors\\ConnectionFactory->make()
#8 /home/mathias/Escritorio/Archivos/Project SentinelOps/vendor/laravel/framework/src/Illuminate/Database/DatabaseManager.php(101): Illuminate\\Database\\DatabaseManager->makeConnection()
#9 /home/mathias/Escritorio/Archivos/Project SentinelOps/vendor/laravel/framework/src/Illuminate/Database/Console/WipeCommand.php(69): Illuminate\\Database\\DatabaseManager->connection()
#10 /home/mathias/Escritorio/Archivos/Project SentinelOps/vendor/laravel/framework/src/Illuminate/Database/Console/WipeCommand.php(48): Illuminate\\Database\\Console\\WipeCommand->dropAllTables()
#11 /home/mathias/Escritorio/Archivos/Project SentinelOps/vendor/laravel/framework/src/Illuminate/Container/BoundMethod.php(36): Illuminate\\Database\\Console\\WipeCommand->handle()
#12 /home/mathias/Escritorio/Archivos/Project SentinelOps/vendor/laravel/framework/src/Illuminate/Container/Util.php(41): Illuminate\\Container\\BoundMethod::{closure:Illuminate\\Container\\BoundMethod::call():35}()
#13 /home/mathias/Escritorio/Archivos/Project SentinelOps/vendor/laravel/framework/src/Illuminate/Container/BoundMethod.php(93): Illuminate\\Container\\Util::unwrapIfClosure()
#14 /home/mathias/Escritorio/Archivos/Project SentinelOps/vendor/laravel/framework/src/Illuminate/Container/BoundMethod.php(35): Illuminate\\Container\\BoundMethod::callBoundMethod()
#15 /home/mathias/Escritorio/Archivos/Project SentinelOps/vendor/laravel/framework/src/Illuminate/Container/Container.php(662): Illuminate\\Container\\BoundMethod::call()
#16 /home/mathias/Escritorio/Archivos/Project SentinelOps/vendor/laravel/framework/src/Illuminate/Console/Command.php(211): Illuminate\\Container\\Container->call()
#17 /home/mathias/Escritorio/Archivos/Project SentinelOps/vendor/symfony/console/Command/Command.php(326): Illuminate\\Console\\Command->execute()
#18 /home/mathias/Escritorio/Archivos/Project SentinelOps/vendor/laravel/framework/src/Illuminate/Console/Command.php(180): Symfony\\Component\\Console\\Command\\Command->run()
#19 /home/mathias/Escritorio/Archivos/Project SentinelOps/vendor/laravel/framework/src/Illuminate/Console/Concerns/CallsCommands.php(67): Illuminate\\Console\\Command->run()
#20 /home/mathias/Escritorio/Archivos/Project SentinelOps/vendor/laravel/framework/src/Illuminate/Console/Concerns/CallsCommands.php(40): Illuminate\\Console\\Command->runCommand()
#21 /home/mathias/Escritorio/Archivos/Project SentinelOps/vendor/laravel/framework/src/Illuminate/Database/Console/Migrations/FreshCommand.php(44): Illuminate\\Console\\Command->callSilent()
#22 /home/mathias/Escritorio/Archivos/Project SentinelOps/vendor/laravel/framework/src/Illuminate/Console/View/Components/Task.php(37): Illuminate\\Database\\Console\\Migrations\\FreshCommand->{closure:Illuminate\\Database\\Console\\Migrations\\FreshCommand::handle():44}()
#23 /home/mathias/Escritorio/Archivos/Project SentinelOps/vendor/laravel/framework/src/Illuminate/Console/View/Components/Factory.php(58): Illuminate\\Console\\View\\Components\\Task->render()
#24 /home/mathias/Escritorio/Archivos/Project SentinelOps/vendor/laravel/framework/src/Illuminate/Database/Console/Migrations/FreshCommand.php(44): Illuminate\\Console\\View\\Components\\Factory->__call()
#25 /home/mathias/Escritorio/Archivos/Project SentinelOps/vendor/laravel/framework/src/Illuminate/Container/BoundMethod.php(36): Illuminate\\Database\\Console\\Migrations\\FreshCommand->handle()
#26 /home/mathias/Escritorio/Archivos/Project SentinelOps/vendor/laravel/framework/src/Illuminate/Container/Util.php(41): Illuminate\\Container\\BoundMethod::{closure:Illuminate\\Container\\BoundMethod::call():35}()
#27 /home/mathias/Escritorio/Archivos/Project SentinelOps/vendor/laravel/framework/src/Illuminate/Container/BoundMethod.php(93): Illuminate\\Container\\Util::unwrapIfClosure()
#28 /home/mathias/Escritorio/Archivos/Project SentinelOps/vendor/laravel/framework/src/Illuminate/Container/BoundMethod.php(35): Illuminate\\Container\\BoundMethod::callBoundMethod()
#29 /home/mathias/Escritorio/Archivos/Project SentinelOps/vendor/laravel/framework/src/Illuminate/Container/Container.php(662): Illuminate\\Container\\BoundMethod::call()
#30 /home/mathias/Escritorio/Archivos/Project SentinelOps/vendor/laravel/framework/src/Illuminate/Console/Command.php(211): Illuminate\\Container\\Container->call()
#31 /home/mathias/Escritorio/Archivos/Project SentinelOps/vendor/symfony/console/Command/Command.php(326): Illuminate\\Console\\Command->execute()
#32 /home/mathias/Escritorio/Archivos/Project SentinelOps/vendor/laravel/framework/src/Illuminate/Console/Command.php(180): Symfony\\Component\\Console\\Command\\Command->run()
#33 /home/mathias/Escritorio/Archivos/Project SentinelOps/vendor/symfony/console/Application.php(1121): Illuminate\\Console\\Command->run()
#34 /home/mathias/Escritorio/Archivos/Project SentinelOps/vendor/symfony/console/Application.php(324): Symfony\\Component\\Console\\Application->doRunCommand()
#35 /home/mathias/Escritorio/Archivos/Project SentinelOps/vendor/symfony/console/Application.php(175): Symfony\\Component\\Console\\Application->doRun()
#36 /home/mathias/Escritorio/Archivos/Project SentinelOps/vendor/laravel/framework/src/Illuminate/Foundation/Console/Kernel.php(201): Symfony\\Component\\Console\\Application->run()
#37 /home/mathias/Escritorio/Archivos/Project SentinelOps/artisan(35): Illuminate\\Foundation\\Console\\Kernel->handle()
#38 {main}

[previous exception] [object] (PDOException(code: 0): could not find driver at /home/mathias/Escritorio/Archivos/Project SentinelOps/vendor/laravel/framework/src/Illuminate/Database/Connectors/Connector.php:65)
[stacktrace]
#0 /home/mathias/Escritorio/Archivos/Project SentinelOps/vendor/laravel/framework/src/Illuminate/Database/Connectors/Connector.php(65): PDO->__construct()
#1 /home/mathias/Escritorio/Archivos/Project SentinelOps/vendor/laravel/framework/src/Illuminate/Database/Connectors/Connector.php(44): Illuminate\\Database\\Connectors\\Connector->createPdoConnection()
#2 /home/mathias/Escritorio/Archivos/Project SentinelOps/vendor/laravel/framework/src/Illuminate/Database/Connectors/SQLiteConnector.php(37): Illuminate\\Database\\Connectors\\Connector->createConnection()
#3 /home/mathias/Escritorio/Archivos/Project SentinelOps/vendor/laravel/framework/src/Illuminate/Database/Connectors/ConnectionFactory.php(221): Illuminate\\Database\\Connectors\\SQLiteConnector->connect()
#4 [internal function]: Illuminate\\Database\\Connectors\\ConnectionFactory->{closure:Illuminate\\Database\\Connectors\\ConnectionFactory::createPdoResolverWithoutHosts():221}()
#5 /home/mathias/Escritorio/Archivos/Project SentinelOps/vendor/laravel/framework/src/Illuminate/Database/Connection.php(1339): call_user_func()
#6 /home/mathias/Escritorio/Archivos/Project SentinelOps/vendor/laravel/framework/src/Illuminate/Database/Connection.php(581): Illuminate\\Database\\Connection->getPdo()
#7 /home/mathias/Escritorio/Archivos/Project SentinelOps/vendor/laravel/framework/src/Illuminate/Database/Connection.php(816): Illuminate\\Database\\Connection->{closure:Illuminate\\Database\\Connection::statement():576}()
#8 /home/mathias/Escritorio/Archivos/Project SentinelOps/vendor/laravel/framework/src/Illuminate/Database/Connection.php(783): Illuminate\\Database\\Connection->runQueryCallback()
#9 /home/mathias/Escritorio/Archivos/Project SentinelOps/vendor/laravel/framework/src/Illuminate/Database/Connection.php(576): Illuminate\\Database\\Connection->run()
#10 /home/mathias/Escritorio/Archivos/Project SentinelOps/vendor/laravel/framework/src/Illuminate/Database/Schema/Builder.php(560): Illuminate\\Database\\Connection->statement()
#11 /home/mathias/Escritorio/Archivos/Project SentinelOps/vendor/laravel/framework/src/Illuminate/Database/SQLiteConnection.php(36): Illuminate\\Database\\Schema\\Builder->enableForeignKeyConstraints()
#12 /home/mathias/Escritorio/Archivos/Project SentinelOps/vendor/laravel/framework/src/Illuminate/Database/Connectors/ConnectionFactory.php(272): Illuminate\\Database\\SQLiteConnection->__construct()
#13 /home/mathias/Escritorio/Archivos/Project SentinelOps/vendor/laravel/framework/src/Illuminate/Database/Connectors/ConnectionFactory.php(75): Illuminate\\Database\\Connectors\\ConnectionFactory->createConnection()
#14 /home/mathias/Escritorio/Archivos/Project SentinelOps/vendor/laravel/framework/src/Illuminate/Database/Connectors/ConnectionFactory.php(50): Illuminate\\Database\\Connectors\\ConnectionFactory->createSingleConnection()
#15 /home/mathias/Escritorio/Archivos/Project SentinelOps/vendor/laravel/framework/src/Illuminate/Database/DatabaseManager.php(175): Illuminate\\Database\\Connectors\\ConnectionFactory->make()
#16 /home/mathias/Escritorio/Archivos/Project SentinelOps/vendor/laravel/framework/src/Illuminate/Database/DatabaseManager.php(101): Illuminate\\Database\\DatabaseManager->makeConnection()
#17 /home/mathias/Escritorio/Archivos/Project SentinelOps/vendor/laravel/framework/src/Illuminate/Database/Console/WipeCommand.php(69): Illuminate\\Database\\DatabaseManager->connection()
#18 /home/mathias/Escritorio/Archivos/Project SentinelOps/vendor/laravel/framework/src/Illuminate/Database/Console/WipeCommand.php(48): Illuminate\\Database\\Console\\WipeCommand->dropAllTables()
#19 /home/mathias/Escritorio/Archivos/Project SentinelOps/vendor/laravel/framework/src/Illuminate/Container/BoundMethod.php(36): Illuminate\\Database\\Console\\WipeCommand->handle()
#20 /home/mathias/Escritorio/Archivos/Project SentinelOps/vendor/laravel/framework/src/Illuminate/Container/Util.php(41): Illuminate\\Container\\BoundMethod::{closure:Illuminate\\Container\\BoundMethod::call():35}()
#21 /home/mathias/Escritorio/Archivos/Project SentinelOps/vendor/laravel/framework/src/Illuminate/Container/BoundMethod.php(93): Illuminate\\Container\\Util::unwrapIfClosure()
#22 /home/mathias/Escritorio/Archivos/Project SentinelOps/vendor/laravel/framework/src/Illuminate/Container/BoundMethod.php(35): Illuminate\\Container\\BoundMethod::callBoundMethod()
#23 /home/mathias/Escritorio/Archivos/Project SentinelOps/vendor/laravel/framework/src/Illuminate/Container/Container.php(662): Illuminate\\Container\\BoundMethod::call()
#24 /home/mathias/Escritorio/Archivos/Project SentinelOps/vendor/laravel/framework/src/Illuminate/Console/Command.php(211): Illuminate\\Container\\Container->call()
#25 /home/mathias/Escritorio/Archivos/Project SentinelOps/vendor/symfony/console/Command/Command.php(326): Illuminate\\Console\\Command->execute()
#26 /home/mathias/Escritorio/Archivos/Project SentinelOps/vendor/laravel/framework/src/Illuminate/Console/Command.php(180): Symfony\\Component\\Console\\Command\\Command->run()
#27 /home/mathias/Escritorio/Archivos/Project SentinelOps/vendor/laravel/framework/src/Illuminate/Console/Concerns/CallsCommands.php(67): Illuminate\\Console\\Command->run()
#28 /home/mathias/Escritorio/Archivos/Project SentinelOps/vendor/laravel/framework/src/Illuminate/Console/Concerns/CallsCommands.php(40): Illuminate\\Console\\Command->runCommand()
#29 /home/mathias/Escritorio/Archivos/Project SentinelOps/vendor/laravel/framework/src/Illuminate/Database/Console/Migrations/FreshCommand.php(44): Illuminate\\Console\\Command->callSilent()
#30 /home/mathias/Escritorio/Archivos/Project SentinelOps/vendor/laravel/framework/src/Illuminate/Console/View/Components/Task.php(37): Illuminate\\Database\\Console\\Migrations\\FreshCommand->{closure:Illuminate\\Database\\Console\\Migrations\\FreshCommand::handle():44}()
#31 /home/mathias/Escritorio/Archivos/Project SentinelOps/vendor/laravel/framework/src/Illuminate/Console/View/Components/Factory.php(58): Illuminate\\Console\\View\\Components\\Task->render()
#32 /home/mathias/Escritorio/Archivos/Project SentinelOps/vendor/laravel/framework/src/Illuminate/Database/Console/Migrations/FreshCommand.php(44): Illuminate\\Console\\View\\Components\\Factory->__call()
#33 /home/mathias/Escritorio/Archivos/Project SentinelOps/vendor/laravel/framework/src/Illuminate/Container/BoundMethod.php(36): Illuminate\\Database\\Console\\Migrations\\FreshCommand->handle()
#34 /home/mathias/Escritorio/Archivos/Project SentinelOps/vendor/laravel/framework/src/Illuminate/Container/Util.php(41): Illuminate\\Container\\BoundMethod::{closure:Illuminate\\Container\\BoundMethod::call():35}()
#35 /home/mathias/Escritorio/Archivos/Project SentinelOps/vendor/laravel/framework/src/Illuminate/Container/BoundMethod.php(93): Illuminate\\Container\\Util::unwrapIfClosure()
#36 /home/mathias/Escritorio/Archivos/Project SentinelOps/vendor/laravel/framework/src/Illuminate/Container/BoundMethod.php(35): Illuminate\\Container\\BoundMethod::callBoundMethod()
#37 /home/mathias/Escritorio/Archivos/Project SentinelOps/vendor/laravel/framework/src/Illuminate/Container/Container.php(662): Illuminate\\Container\\BoundMethod::call()
#38 /home/mathias/Escritorio/Archivos/Project SentinelOps/vendor/laravel/framework/src/Illuminate/Console/Command.php(211): Illuminate\\Container\\Container->call()
#39 /home/mathias/Escritorio/Archivos/Project SentinelOps/vendor/symfony/console/Command/Command.php(326): Illuminate\\Console\\Command->execute()
#40 /home/mathias/Escritorio/Archivos/Project SentinelOps/vendor/laravel/framework/src/Illuminate/Console/Command.php(180): Symfony\\Component\\Console\\Command\\Command->run()
#41 /home/mathias/Escritorio/Archivos/Project SentinelOps/vendor/symfony/console/Application.php(1121): Illuminate\\Console\\Command->run()
#42 /home/mathias/Escritorio/Archivos/Project SentinelOps/vendor/symfony/console/Application.php(324): Symfony\\Component\\Console\\Application->doRunCommand()
#43 /home/mathias/Escritorio/Archivos/Project SentinelOps/vendor/symfony/console/Application.php(175): Symfony\\Component\\Console\\Application->doRun()
#44 /home/mathias/Escritorio/Archivos/Project SentinelOps/vendor/laravel/framework/src/Illuminate/Foundation/Console/Kernel.php(201): Symfony\\Component\\Console\\Application->run()
#45 /home/mathias/Escritorio/Archivos/Project SentinelOps/artisan(35): Illuminate\\Foundation\\Console\\Kernel->handle()
#46 {main}
"} 
[2026-05-26 20:16:12] local.ERROR: could not find driver (Connection: sqlite, SQL: PRAGMA foreign_keys = ON;) {"exception":"[object] (Illuminate\\Database\\QueryException(code: 0): could not find driver (Connection: sqlite, SQL: PRAGMA foreign_keys = ON;) at /home/mathias/Escritorio/Archivos/Project SentinelOps/vendor/laravel/framework/src/Illuminate/Database/Connection.php:829)
[stacktrace]
#0 /home/mathias/Escritorio/Archivos/Project SentinelOps/vendor/laravel/framework/src/Illuminate/Database/Connection.php(783): Illuminate\\Database\\Connection->runQueryCallback()
#1 /home/mathias/Escritorio/Archivos/Project SentinelOps/vendor/laravel/framework/src/Illuminate/Database/Connection.php(576): Illuminate\\Database\\Connection->run()
#2 /home/mathias/Escritorio/Archivos/Project SentinelOps/vendor/laravel/framework/src/Illuminate/Database/Schema/Builder.php(560): Illuminate\\Database\\Connection->statement()
#3 /home/mathias/Escritorio/Archivos/Project SentinelOps/vendor/laravel/framework/src/Illuminate/Database/SQLiteConnection.php(36): Illuminate\\Database\\Schema\\Builder->enableForeignKeyConstraints()
#4 /home/mathias/Escritorio/Archivos/Project SentinelOps/vendor/laravel/framework/src/Illuminate/Database/Connectors/ConnectionFactory.php(272): Illuminate\\Database\\SQLiteConnection->__construct()
#5 /home/mathias/Escritorio/Archivos/Project SentinelOps/vendor/laravel/framework/src/Illuminate/Database/Connectors/ConnectionFactory.php(75): Illuminate\\Database\\Connectors\\ConnectionFactory->createConnection()
#6 /home/mathias/Escritorio/Archivos/Project SentinelOps/vendor/laravel/framework/src/Illuminate/Database/Connectors/ConnectionFactory.php(50): Illuminate\\Database\\Connectors\\ConnectionFactory->createSingleConnection()
#7 /home/mathias/Escritorio/Archivos/Project SentinelOps/vendor/laravel/framework/src/Illuminate/Database/DatabaseManager.php(175): Illuminate\\Database\\Connectors\\ConnectionFactory->make()
#8 /home/mathias/Escritorio/Archivos/Project SentinelOps/vendor/laravel/framework/src/Illuminate/Database/DatabaseManager.php(101): Illuminate\\Database\\DatabaseManager->makeConnection()
#9 /home/mathias/Escritorio/Archivos/Project SentinelOps/vendor/laravel/framework/src/Illuminate/Database/Console/WipeCommand.php(69): Illuminate\\Database\\DatabaseManager->connection()
#10 /home/mathias/Escritorio/Archivos/Project SentinelOps/vendor/laravel/framework/src/Illuminate/Database/Console/WipeCommand.php(48): Illuminate\\Database\\Console\\WipeCommand->dropAllTables()
#11 /home/mathias/Escritorio/Archivos/Project SentinelOps/vendor/laravel/framework/src/Illuminate/Container/BoundMethod.php(36): Illuminate\\Database\\Console\\WipeCommand->handle()
#12 /home/mathias/Escritorio/Archivos/Project SentinelOps/vendor/laravel/framework/src/Illuminate/Container/Util.php(41): Illuminate\\Container\\BoundMethod::{closure:Illuminate\\Container\\BoundMethod::call():35}()
#13 /home/mathias/Escritorio/Archivos/Project SentinelOps/vendor/laravel/framework/src/Illuminate/Container/BoundMethod.php(93): Illuminate\\Container\\Util::unwrapIfClosure()
#14 /home/mathias/Escritorio/Archivos/Project SentinelOps/vendor/laravel/framework/src/Illuminate/Container/BoundMethod.php(35): Illuminate\\Container\\BoundMethod::callBoundMethod()
#15 /home/mathias/Escritorio/Archivos/Project SentinelOps/vendor/laravel/framework/src/Illuminate/Container/Container.php(662): Illuminate\\Container\\BoundMethod::call()
#16 /home/mathias/Escritorio/Archivos/Project SentinelOps/vendor/laravel/framework/src/Illuminate/Console/Command.php(211): Illuminate\\Container\\Container->call()
#17 /home/mathias/Escritorio/Archivos/Project SentinelOps/vendor/symfony/console/Command/Command.php(326): Illuminate\\Console\\Command->execute()
#18 /home/mathias/Escritorio/Archivos/Project SentinelOps/vendor/laravel/framework/src/Illuminate/Console/Command.php(180): Symfony\\Component\\Console\\Command\\Command->run()
#19 /home/mathias/Escritorio/Archivos/Project SentinelOps/vendor/laravel/framework/src/Illuminate/Console/Concerns/CallsCommands.php(67): Illuminate\\Console\\Command->run()
#20 /home/mathias/Escritorio/Archivos/Project SentinelOps/vendor/laravel/framework/src/Illuminate/Console/Concerns/CallsCommands.php(40): Illuminate\\Console\\Command->runCommand()
#21 /home/mathias/Escritorio/Archivos/Project SentinelOps/vendor/laravel/framework/src/Illuminate/Database/Console/Migrations/FreshCommand.php(44): Illuminate\\Console\\Command->callSilent()
#22 /home/mathias/Escritorio/Archivos/Project SentinelOps/vendor/laravel/framework/src/Illuminate/Console/View/Components/Task.php(37): Illuminate\\Database\\Console\\Migrations\\FreshCommand->{closure:Illuminate\\Database\\Console\\Migrations\\FreshCommand::handle():44}()
#23 /home/mathias/Escritorio/Archivos/Project SentinelOps/vendor/laravel/framework/src/Illuminate/Console/View/Components/Factory.php(58): Illuminate\\Console\\View\\Components\\Task->render()
#24 /home/mathias/Escritorio/Archivos/Project SentinelOps/vendor/laravel/framework/src/Illuminate/Database/Console/Migrations/FreshCommand.php(44): Illuminate\\Console\\View\\Components\\Factory->__call()
#25 /home/mathias/Escritorio/Archivos/Project SentinelOps/vendor/laravel/framework/src/Illuminate/Container/BoundMethod.php(36): Illuminate\\Database\\Console\\Migrations\\FreshCommand->handle()
#26 /home/mathias/Escritorio/Archivos/Project SentinelOps/vendor/laravel/framework/src/Illuminate/Container/Util.php(41): Illuminate\\Container\\BoundMethod::{closure:Illuminate\\Container\\BoundMethod::call():35}()
#27 /home/mathias/Escritorio/Archivos/Project SentinelOps/vendor/laravel/framework/src/Illuminate/Container/BoundMethod.php(93): Illuminate\\Container\\Util::unwrapIfClosure()
#28 /home/mathias/Escritorio/Archivos/Project SentinelOps/vendor/laravel/framework/src/Illuminate/Container/BoundMethod.php(35): Illuminate\\Container\\BoundMethod::callBoundMethod()
#29 /home/mathias/Escritorio/Archivos/Project SentinelOps/vendor/laravel/framework/src/Illuminate/Container/Container.php(662): Illuminate\\Container\\BoundMethod::call()
#30 /home/mathias/Escritorio/Archivos/Project SentinelOps/vendor/laravel/framework/src/Illuminate/Console/Command.php(211): Illuminate\\Container\\Container->call()
#31 /home/mathias/Escritorio/Archivos/Project SentinelOps/vendor/symfony/console/Command/Command.php(326): Illuminate\\Console\\Command->execute()
#32 /home/mathias/Escritorio/Archivos/Project SentinelOps/vendor/laravel/framework/src/Illuminate/Console/Command.php(180): Symfony\\Component\\Console\\Command\\Command->run()
#33 /home/mathias/Escritorio/Archivos/Project SentinelOps/vendor/symfony/console/Application.php(1121): Illuminate\\Console\\Command->run()
#34 /home/mathias/Escritorio/Archivos/Project SentinelOps/vendor/symfony/console/Application.php(324): Symfony\\Component\\Console\\Application->doRunCommand()
#35 /home/mathias/Escritorio/Archivos/Project SentinelOps/vendor/symfony/console/Application.php(175): Symfony\\Component\\Console\\Application->doRun()
#36 /home/mathias/Escritorio/Archivos/Project SentinelOps/vendor/laravel/framework/src/Illuminate/Foundation/Console/Kernel.php(201): Symfony\\Component\\Console\\Application->run()
#37 /home/mathias/Escritorio/Archivos/Project SentinelOps/artisan(35): Illuminate\\Foundation\\Console\\Kernel->handle()
#38 {main}

[previous exception] [object] (PDOException(code: 0): could not find driver at /home/mathias/Escritorio/Archivos/Project SentinelOps/vendor/laravel/framework/src/Illuminate/Database/Connectors/Connector.php:65)
[stacktrace]
#0 /home/mathias/Escritorio/Archivos/Project SentinelOps/vendor/laravel/framework/src/Illuminate/Database/Connectors/Connector.php(65): PDO->__construct()
#1 /home/mathias/Escritorio/Archivos/Project SentinelOps/vendor/laravel/framework/src/Illuminate/Database/Connectors/Connector.php(44): Illuminate\\Database\\Connectors\\Connector->createPdoConnection()
#2 /home/mathias/Escritorio/Archivos/Project SentinelOps/vendor/laravel/framework/src/Illuminate/Database/Connectors/SQLiteConnector.php(37): Illuminate\\Database\\Connectors\\Connector->createConnection()
#3 /home/mathias/Escritorio/Archivos/Project SentinelOps/vendor/laravel/framework/src/Illuminate/Database/Connectors/ConnectionFactory.php(221): Illuminate\\Database\\Connectors\\SQLiteConnector->connect()
#4 [internal function]: Illuminate\\Database\\Connectors\\ConnectionFactory->{closure:Illuminate\\Database\\Connectors\\ConnectionFactory::createPdoResolverWithoutHosts():221}()
#5 /home/mathias/Escritorio/Archivos/Project SentinelOps/vendor/laravel/framework/src/Illuminate/Database/Connection.php(1339): call_user_func()
#6 /home/mathias/Escritorio/Archivos/Project SentinelOps/vendor/laravel/framework/src/Illuminate/Database/Connection.php(581): Illuminate\\Database\\Connection->getPdo()
#7 /home/mathias/Escritorio/Archivos/Project SentinelOps/vendor/laravel/framework/src/Illuminate/Database/Connection.php(816): Illuminate\\Database\\Connection->{closure:Illuminate\\Database\\Connection::statement():576}()
#8 /home/mathias/Escritorio/Archivos/Project SentinelOps/vendor/laravel/framework/src/Illuminate/Database/Connection.php(783): Illuminate\\Database\\Connection->runQueryCallback()
#9 /home/mathias/Escritorio/Archivos/Project SentinelOps/vendor/laravel/framework/src/Illuminate/Database/Connection.php(576): Illuminate\\Database\\Connection->run()
#10 /home/mathias/Escritorio/Archivos/Project SentinelOps/vendor/laravel/framework/src/Illuminate/Database/Schema/Builder.php(560): Illuminate\\Database\\Connection->statement()
#11 /home/mathias/Escritorio/Archivos/Project SentinelOps/vendor/laravel/framework/src/Illuminate/Database/SQLiteConnection.php(36): Illuminate\\Database\\Schema\\Builder->enableForeignKeyConstraints()
#12 /home/mathias/Escritorio/Archivos/Project SentinelOps/vendor/laravel/framework/src/Illuminate/Database/Connectors/ConnectionFactory.php(272): Illuminate\\Database\\SQLiteConnection->__construct()
#13 /home/mathias/Escritorio/Archivos/Project SentinelOps/vendor/laravel/framework/src/Illuminate/Database/Connectors/ConnectionFactory.php(75): Illuminate\\Database\\Connectors\\ConnectionFactory->createConnection()
#14 /home/mathias/Escritorio/Archivos/Project SentinelOps/vendor/laravel/framework/src/Illuminate/Database/Connectors/ConnectionFactory.php(50): Illuminate\\Database\\Connectors\\ConnectionFactory->createSingleConnection()
#15 /home/mathias/Escritorio/Archivos/Project SentinelOps/vendor/laravel/framework/src/Illuminate/Database/DatabaseManager.php(175): Illuminate\\Database\\Connectors\\ConnectionFactory->make()
#16 /home/mathias/Escritorio/Archivos/Project SentinelOps/vendor/laravel/framework/src/Illuminate/Database/DatabaseManager.php(101): Illuminate\\Database\\DatabaseManager->makeConnection()
#17 /home/mathias/Escritorio/Archivos/Project SentinelOps/vendor/laravel/framework/src/Illuminate/Database/Console/WipeCommand.php(69): Illuminate\\Database\\DatabaseManager->connection()
#18 /home/mathias/Escritorio/Archivos/Project SentinelOps/vendor/laravel/framework/src/Illuminate/Database/Console/WipeCommand.php(48): Illuminate\\Database\\Console\\WipeCommand->dropAllTables()
#19 /home/mathias/Escritorio/Archivos/Project SentinelOps/vendor/laravel/framework/src/Illuminate/Container/BoundMethod.php(36): Illuminate\\Database\\Console\\WipeCommand->handle()
#20 /home/mathias/Escritorio/Archivos/Project SentinelOps/vendor/laravel/framework/src/Illuminate/Container/Util.php(41): Illuminate\\Container\\BoundMethod::{closure:Illuminate\\Container\\BoundMethod::call():35}()
#21 /home/mathias/Escritorio/Archivos/Project SentinelOps/vendor/laravel/framework/src/Illuminate/Container/BoundMethod.php(93): Illuminate\\Container\\Util::unwrapIfClosure()
#22 /home/mathias/Escritorio/Archivos/Project SentinelOps/vendor/laravel/framework/src/Illuminate/Container/BoundMethod.php(35): Illuminate\\Container\\BoundMethod::callBoundMethod()
#23 /home/mathias/Escritorio/Archivos/Project SentinelOps/vendor/laravel/framework/src/Illuminate/Container/Container.php(662): Illuminate\\Container\\BoundMethod::call()
#24 /home/mathias/Escritorio/Archivos/Project SentinelOps/vendor/laravel/framework/src/Illuminate/Console/Command.php(211): Illuminate\\Container\\Container->call()
#25 /home/mathias/Escritorio/Archivos/Project SentinelOps/vendor/symfony/console/Command/Command.php(326): Illuminate\\Console\\Command->execute()
#26 /home/mathias/Escritorio/Archivos/Project SentinelOps/vendor/laravel/framework/src/Illuminate/Console/Command.php(180): Symfony\\Component\\Console\\Command\\Command->run()
#27 /home/mathias/Escritorio/Archivos/Project SentinelOps/vendor/laravel/framework/src/Illuminate/Console/Concerns/CallsCommands.php(67): Illuminate\\Console\\Command->run()
#28 /home/mathias/Escritorio/Archivos/Project SentinelOps/vendor/laravel/framework/src/Illuminate/Console/Concerns/CallsCommands.php(40): Illuminate\\Console\\Command->runCommand()
#29 /home/mathias/Escritorio/Archivos/Project SentinelOps/vendor/laravel/framework/src/Illuminate/Database/Console/Migrations/FreshCommand.php(44): Illuminate\\Console\\Command->callSilent()
#30 /home/mathias/Escritorio/Archivos/Project SentinelOps/vendor/laravel/framework/src/Illuminate/Console/View/Components/Task.php(37): Illuminate\\Database\\Console\\Migrations\\FreshCommand->{closure:Illuminate\\Database\\Console\\Migrations\\FreshCommand::handle():44}()
#31 /home/mathias/Escritorio/Archivos/Project SentinelOps/vendor/laravel/framework/src/Illuminate/Console/View/Components/Factory.php(58): Illuminate\\Console\\View\\Components\\Task->render()
#32 /home/mathias/Escritorio/Archivos/Project SentinelOps/vendor/laravel/framework/src/Illuminate/Database/Console/Migrations/FreshCommand.php(44): Illuminate\\Console\\View\\Components\\Factory->__call()
#33 /home/mathias/Escritorio/Archivos/Project SentinelOps/vendor/laravel/framework/src/Illuminate/Container/BoundMethod.php(36): Illuminate\\Database\\Console\\Migrations\\FreshCommand->handle()
#34 /home/mathias/Escritorio/Archivos/Project SentinelOps/vendor/laravel/framework/src/Illuminate/Container/Util.php(41): Illuminate\\Container\\BoundMethod::{closure:Illuminate\\Container\\BoundMethod::call():35}()
#35 /home/mathias/Escritorio/Archivos/Project SentinelOps/vendor/laravel/framework/src/Illuminate/Container/BoundMethod.php(93): Illuminate\\Container\\Util::unwrapIfClosure()
#36 /home/mathias/Escritorio/Archivos/Project SentinelOps/vendor/laravel/framework/src/Illuminate/Container/BoundMethod.php(35): Illuminate\\Container\\BoundMethod::callBoundMethod()
#37 /home/mathias/Escritorio/Archivos/Project SentinelOps/vendor/laravel/framework/src/Illuminate/Container/Container.php(662): Illuminate\\Container\\BoundMethod::call()
#38 /home/mathias/Escritorio/Archivos/Project SentinelOps/vendor/laravel/framework/src/Illuminate/Console/Command.php(211): Illuminate\\Container\\Container->call()
#39 /home/mathias/Escritorio/Archivos/Project SentinelOps/vendor/symfony/console/Command/Command.php(326): Illuminate\\Console\\Command->execute()
#40 /home/mathias/Escritorio/Archivos/Project SentinelOps/vendor/laravel/framework/src/Illuminate/Console/Command.php(180): Symfony\\Component\\Console\\Command\\Command->run()
#41 /home/mathias/Escritorio/Archivos/Project SentinelOps/vendor/symfony/console/Application.php(1121): Illuminate\\Console\\Command->run()
#42 /home/mathias/Escritorio/Archivos/Project SentinelOps/vendor/symfony/console/Application.php(324): Symfony\\Component\\Console\\Application->doRunCommand()
#43 /home/mathias/Escritorio/Archivos/Project SentinelOps/vendor/symfony/console/Application.php(175): Symfony\\Component\\Console\\Application->doRun()
#44 /home/mathias/Escritorio/Archivos/Project SentinelOps/vendor/laravel/framework/src/Illuminate/Foundation/Console/Kernel.php(201): Symfony\\Component\\Console\\Application->run()
#45 /home/mathias/Escritorio/Archivos/Project SentinelOps/artisan(35): Illuminate\\Foundation\\Console\\Kernel->handle()
#46 {main}
"} 
[2026-05-26 20:16:36] local.ERROR: could not find driver (Connection: sqlite, SQL: PRAGMA foreign_keys = ON;) {"exception":"[object] (Illuminate\\Database\\QueryException(code: 0): could not find driver (Connection: sqlite, SQL: PRAGMA foreign_keys = ON;) at /home/mathias/Escritorio/Archivos/Project SentinelOps/vendor/laravel/framework/src/Illuminate/Database/Connection.php:829)
[stacktrace]
#0 /home/mathias/Escritorio/Archivos/Project SentinelOps/vendor/laravel/framework/src/Illuminate/Database/Connection.php(783): Illuminate\\Database\\Connection->runQueryCallback()
#1 /home/mathias/Escritorio/Archivos/Project SentinelOps/vendor/laravel/framework/src/Illuminate/Database/Connection.php(576): Illuminate\\Database\\Connection->run()
#2 /home/mathias/Escritorio/Archivos/Project SentinelOps/vendor/laravel/framework/src/Illuminate/Database/Schema/Builder.php(560): Illuminate\\Database\\Connection->statement()
#3 /home/mathias/Escritorio/Archivos/Project SentinelOps/vendor/laravel/framework/src/Illuminate/Database/SQLiteConnection.php(36): Illuminate\\Database\\Schema\\Builder->enableForeignKeyConstraints()
#4 /home/mathias/Escritorio/Archivos/Project SentinelOps/vendor/laravel/framework/src/Illuminate/Database/Connectors/ConnectionFactory.php(272): Illuminate\\Database\\SQLiteConnection->__construct()
#5 /home/mathias/Escritorio/Archivos/Project SentinelOps/vendor/laravel/framework/src/Illuminate/Database/Connectors/ConnectionFactory.php(75): Illuminate\\Database\\Connectors\\ConnectionFactory->createConnection()
#6 /home/mathias/Escritorio/Archivos/Project SentinelOps/vendor/laravel/framework/src/Illuminate/Database/Connectors/ConnectionFactory.php(50): Illuminate\\Database\\Connectors\\ConnectionFactory->createSingleConnection()
#7 /home/mathias/Escritorio/Archivos/Project SentinelOps/vendor/laravel/framework/src/Illuminate/Database/DatabaseManager.php(175): Illuminate\\Database\\Connectors\\ConnectionFactory->make()
#8 /home/mathias/Escritorio/Archivos/Project SentinelOps/vendor/laravel/framework/src/Illuminate/Database/DatabaseManager.php(101): Illuminate\\Database\\DatabaseManager->makeConnection()
#9 /home/mathias/Escritorio/Archivos/Project SentinelOps/vendor/laravel/framework/src/Illuminate/Database/Console/WipeCommand.php(69): Illuminate\\Database\\DatabaseManager->connection()
#10 /home/mathias/Escritorio/Archivos/Project SentinelOps/vendor/laravel/framework/src/Illuminate/Database/Console/WipeCommand.php(48): Illuminate\\Database\\Console\\WipeCommand->dropAllTables()
#11 /home/mathias/Escritorio/Archivos/Project SentinelOps/vendor/laravel/framework/src/Illuminate/Container/BoundMethod.php(36): Illuminate\\Database\\Console\\WipeCommand->handle()
#12 /home/mathias/Escritorio/Archivos/Project SentinelOps/vendor/laravel/framework/src/Illuminate/Container/Util.php(41): Illuminate\\Container\\BoundMethod::{closure:Illuminate\\Container\\BoundMethod::call():35}()
#13 /home/mathias/Escritorio/Archivos/Project SentinelOps/vendor/laravel/framework/src/Illuminate/Container/BoundMethod.php(93): Illuminate\\Container\\Util::unwrapIfClosure()
#14 /home/mathias/Escritorio/Archivos/Project SentinelOps/vendor/laravel/framework/src/Illuminate/Container/BoundMethod.php(35): Illuminate\\Container\\BoundMethod::callBoundMethod()
#15 /home/mathias/Escritorio/Archivos/Project SentinelOps/vendor/laravel/framework/src/Illuminate/Container/Container.php(662): Illuminate\\Container\\BoundMethod::call()
#16 /home/mathias/Escritorio/Archivos/Project SentinelOps/vendor/laravel/framework/src/Illuminate/Console/Command.php(211): Illuminate\\Container\\Container->call()
#17 /home/mathias/Escritorio/Archivos/Project SentinelOps/vendor/symfony/console/Command/Command.php(326): Illuminate\\Console\\Command->execute()
#18 /home/mathias/Escritorio/Archivos/Project SentinelOps/vendor/laravel/framework/src/Illuminate/Console/Command.php(180): Symfony\\Component\\Console\\Command\\Command->run()
#19 /home/mathias/Escritorio/Archivos/Project SentinelOps/vendor/laravel/framework/src/Illuminate/Console/Concerns/CallsCommands.php(67): Illuminate\\Console\\Command->run()
#20 /home/mathias/Escritorio/Archivos/Project SentinelOps/vendor/laravel/framework/src/Illuminate/Console/Concerns/CallsCommands.php(40): Illuminate\\Console\\Command->runCommand()
#21 /home/mathias/Escritorio/Archivos/Project SentinelOps/vendor/laravel/framework/src/Illuminate/Database/Console/Migrations/FreshCommand.php(44): Illuminate\\Console\\Command->callSilent()
#22 /home/mathias/Escritorio/Archivos/Project SentinelOps/vendor/laravel/framework/src/Illuminate/Console/View/Components/Task.php(37): Illuminate\\Database\\Console\\Migrations\\FreshCommand->{closure:Illuminate\\Database\\Console\\Migrations\\FreshCommand::handle():44}()
#23 /home/mathias/Escritorio/Archivos/Project SentinelOps/vendor/laravel/framework/src/Illuminate/Console/View/Components/Factory.php(58): Illuminate\\Console\\View\\Components\\Task->render()
#24 /home/mathias/Escritorio/Archivos/Project SentinelOps/vendor/laravel/framework/src/Illuminate/Database/Console/Migrations/FreshCommand.php(44): Illuminate\\Console\\View\\Components\\Factory->__call()
#25 /home/mathias/Escritorio/Archivos/Project SentinelOps/vendor/laravel/framework/src/Illuminate/Container/BoundMethod.php(36): Illuminate\\Database\\Console\\Migrations\\FreshCommand->handle()
#26 /home/mathias/Escritorio/Archivos/Project SentinelOps/vendor/laravel/framework/src/Illuminate/Container/Util.php(41): Illuminate\\Container\\BoundMethod::{closure:Illuminate\\Container\\BoundMethod::call():35}()
#27 /home/mathias/Escritorio/Archivos/Project SentinelOps/vendor/laravel/framework/src/Illuminate/Container/BoundMethod.php(93): Illuminate\\Container\\Util::unwrapIfClosure()
#28 /home/mathias/Escritorio/Archivos/Project SentinelOps/vendor/laravel/framework/src/Illuminate/Container/BoundMethod.php(35): Illuminate\\Container\\BoundMethod::callBoundMethod()
#29 /home/mathias/Escritorio/Archivos/Project SentinelOps/vendor/laravel/framework/src/Illuminate/Container/Container.php(662): Illuminate\\Container\\BoundMethod::call()
#30 /home/mathias/Escritorio/Archivos/Project SentinelOps/vendor/laravel/framework/src/Illuminate/Console/Command.php(211): Illuminate\\Container\\Container->call()
#31 /home/mathias/Escritorio/Archivos/Project SentinelOps/vendor/symfony/console/Command/Command.php(326): Illuminate\\Console\\Command->execute()
#32 /home/mathias/Escritorio/Archivos/Project SentinelOps/vendor/laravel/framework/src/Illuminate/Console/Command.php(180): Symfony\\Component\\Console\\Command\\Command->run()
#33 /home/mathias/Escritorio/Archivos/Project SentinelOps/vendor/symfony/console/Application.php(1121): Illuminate\\Console\\Command->run()
#34 /home/mathias/Escritorio/Archivos/Project SentinelOps/vendor/symfony/console/Application.php(324): Symfony\\Component\\Console\\Application->doRunCommand()
#35 /home/mathias/Escritorio/Archivos/Project SentinelOps/vendor/symfony/console/Application.php(175): Symfony\\Component\\Console\\Application->doRun()
#36 /home/mathias/Escritorio/Archivos/Project SentinelOps/vendor/laravel/framework/src/Illuminate/Foundation/Console/Kernel.php(201): Symfony\\Component\\Console\\Application->run()
#37 /home/mathias/Escritorio/Archivos/Project SentinelOps/artisan(35): Illuminate\\Foundation\\Console\\Kernel->handle()
#38 {main}

[previous exception] [object] (PDOException(code: 0): could not find driver at /home/mathias/Escritorio/Archivos/Project SentinelOps/vendor/laravel/framework/src/Illuminate/Database/Connectors/Connector.php:65)
[stacktrace]
#0 /home/mathias/Escritorio/Archivos/Project SentinelOps/vendor/laravel/framework/src/Illuminate/Database/Connectors/Connector.php(65): PDO->__construct()
#1 /home/mathias/Escritorio/Archivos/Project SentinelOps/vendor/laravel/framework/src/Illuminate/Database/Connectors/Connector.php(44): Illuminate\\Database\\Connectors\\Connector->createPdoConnection()
#2 /home/mathias/Escritorio/Archivos/Project SentinelOps/vendor/laravel/framework/src/Illuminate/Database/Connectors/SQLiteConnector.php(37): Illuminate\\Database\\Connectors\\Connector->createConnection()
#3 /home/mathias/Escritorio/Archivos/Project SentinelOps/vendor/laravel/framework/src/Illuminate/Database/Connectors/ConnectionFactory.php(221): Illuminate\\Database\\Connectors\\SQLiteConnector->connect()
#4 [internal function]: Illuminate\\Database\\Connectors\\ConnectionFactory->{closure:Illuminate\\Database\\Connectors\\ConnectionFactory::createPdoResolverWithoutHosts():221}()
#5 /home/mathias/Escritorio/Archivos/Project SentinelOps/vendor/laravel/framework/src/Illuminate/Database/Connection.php(1339): call_user_func()
#6 /home/mathias/Escritorio/Archivos/Project SentinelOps/vendor/laravel/framework/src/Illuminate/Database/Connection.php(581): Illuminate\\Database\\Connection->getPdo()
#7 /home/mathias/Escritorio/Archivos/Project SentinelOps/vendor/laravel/framework/src/Illuminate/Database/Connection.php(816): Illuminate\\Database\\Connection->{closure:Illuminate\\Database\\Connection::statement():576}()
#8 /home/mathias/Escritorio/Archivos/Project SentinelOps/vendor/laravel/framework/src/Illuminate/Database/Connection.php(783): Illuminate\\Database\\Connection->runQueryCallback()
#9 /home/mathias/Escritorio/Archivos/Project SentinelOps/vendor/laravel/framework/src/Illuminate/Database/Connection.php(576): Illuminate\\Database\\Connection->run()
#10 /home/mathias/Escritorio/Archivos/Project SentinelOps/vendor/laravel/framework/src/Illuminate/Database/Schema/Builder.php(560): Illuminate\\Database\\Connection->statement()
#11 /home/mathias/Escritorio/Archivos/Project SentinelOps/vendor/laravel/framework/src/Illuminate/Database/SQLiteConnection.php(36): Illuminate\\Database\\Schema\\Builder->enableForeignKeyConstraints()
#12 /home/mathias/Escritorio/Archivos/Project SentinelOps/vendor/laravel/framework/src/Illuminate/Database/Connectors/ConnectionFactory.php(272): Illuminate\\Database\\SQLiteConnection->__construct()
#13 /home/mathias/Escritorio/Archivos/Project SentinelOps/vendor/laravel/framework/src/Illuminate/Database/Connectors/ConnectionFactory.php(75): Illuminate\\Database\\Connectors\\ConnectionFactory->createConnection()
#14 /home/mathias/Escritorio/Archivos/Project SentinelOps/vendor/laravel/framework/src/Illuminate/Database/Connectors/ConnectionFactory.php(50): Illuminate\\Database\\Connectors\\ConnectionFactory->createSingleConnection()
#15 /home/mathias/Escritorio/Archivos/Project SentinelOps/vendor/laravel/framework/src/Illuminate/Database/DatabaseManager.php(175): Illuminate\\Database\\Connectors\\ConnectionFactory->make()
#16 /home/mathias/Escritorio/Archivos/Project SentinelOps/vendor/laravel/framework/src/Illuminate/Database/DatabaseManager.php(101): Illuminate\\Database\\DatabaseManager->makeConnection()
#17 /home/mathias/Escritorio/Archivos/Project SentinelOps/vendor/laravel/framework/src/Illuminate/Database/Console/WipeCommand.php(69): Illuminate\\Database\\DatabaseManager->connection()
#18 /home/mathias/Escritorio/Archivos/Project SentinelOps/vendor/laravel/framework/src/Illuminate/Database/Console/WipeCommand.php(48): Illuminate\\Database\\Console\\WipeCommand->dropAllTables()
#19 /home/mathias/Escritorio/Archivos/Project SentinelOps/vendor/laravel/framework/src/Illuminate/Container/BoundMethod.php(36): Illuminate\\Database\\Console\\WipeCommand->handle()
#20 /home/mathias/Escritorio/Archivos/Project SentinelOps/vendor/laravel/framework/src/Illuminate/Container/Util.php(41): Illuminate\\Container\\BoundMethod::{closure:Illuminate\\Container\\BoundMethod::call():35}()
#21 /home/mathias/Escritorio/Archivos/Project SentinelOps/vendor/laravel/framework/src/Illuminate/Container/BoundMethod.php(93): Illuminate\\Container\\Util::unwrapIfClosure()
#22 /home/mathias/Escritorio/Archivos/Project SentinelOps/vendor/laravel/framework/src/Illuminate/Container/BoundMethod.php(35): Illuminate\\Container\\BoundMethod::callBoundMethod()
#23 /home/mathias/Escritorio/Archivos/Project SentinelOps/vendor/laravel/framework/src/Illuminate/Container/Container.php(662): Illuminate\\Container\\BoundMethod::call()
#24 /home/mathias/Escritorio/Archivos/Project SentinelOps/vendor/laravel/framework/src/Illuminate/Console/Command.php(211): Illuminate\\Container\\Container->call()
#25 /home/mathias/Escritorio/Archivos/Project SentinelOps/vendor/symfony/console/Command/Command.php(326): Illuminate\\Console\\Command->execute()
#26 /home/mathias/Escritorio/Archivos/Project SentinelOps/vendor/laravel/framework/src/Illuminate/Console/Command.php(180): Symfony\\Component\\Console\\Command\\Command->run()
#27 /home/mathias/Escritorio/Archivos/Project SentinelOps/vendor/laravel/framework/src/Illuminate/Console/Concerns/CallsCommands.php(67): Illuminate\\Console\\Command->run()
#28 /home/mathias/Escritorio/Archivos/Project SentinelOps/vendor/laravel/framework/src/Illuminate/Console/Concerns/CallsCommands.php(40): Illuminate\\Console\\Command->runCommand()
#29 /home/mathias/Escritorio/Archivos/Project SentinelOps/vendor/laravel/framework/src/Illuminate/Database/Console/Migrations/FreshCommand.php(44): Illuminate\\Console\\Command->callSilent()
#30 /home/mathias/Escritorio/Archivos/Project SentinelOps/vendor/laravel/framework/src/Illuminate/Console/View/Components/Task.php(37): Illuminate\\Database\\Console\\Migrations\\FreshCommand->{closure:Illuminate\\Database\\Console\\Migrations\\FreshCommand::handle():44}()
#31 /home/mathias/Escritorio/Archivos/Project SentinelOps/vendor/laravel/framework/src/Illuminate/Console/View/Components/Factory.php(58): Illuminate\\Console\\View\\Components\\Task->render()
#32 /home/mathias/Escritorio/Archivos/Project SentinelOps/vendor/laravel/framework/src/Illuminate/Database/Console/Migrations/FreshCommand.php(44): Illuminate\\Console\\View\\Components\\Factory->__call()
#33 /home/mathias/Escritorio/Archivos/Project SentinelOps/vendor/laravel/framework/src/Illuminate/Container/BoundMethod.php(36): Illuminate\\Database\\Console\\Migrations\\FreshCommand->handle()
#34 /home/mathias/Escritorio/Archivos/Project SentinelOps/vendor/laravel/framework/src/Illuminate/Container/Util.php(41): Illuminate\\Container\\BoundMethod::{closure:Illuminate\\Container\\BoundMethod::call():35}()
#35 /home/mathias/Escritorio/Archivos/Project SentinelOps/vendor/laravel/framework/src/Illuminate/Container/BoundMethod.php(93): Illuminate\\Container\\Util::unwrapIfClosure()
#36 /home/mathias/Escritorio/Archivos/Project SentinelOps/vendor/laravel/framework/src/Illuminate/Container/BoundMethod.php(35): Illuminate\\Container\\BoundMethod::callBoundMethod()
#37 /home/mathias/Escritorio/Archivos/Project SentinelOps/vendor/laravel/framework/src/Illuminate/Container/Container.php(662): Illuminate\\Container\\BoundMethod::call()
#38 /home/mathias/Escritorio/Archivos/Project SentinelOps/vendor/laravel/framework/src/Illuminate/Console/Command.php(211): Illuminate\\Container\\Container->call()
#39 /home/mathias/Escritorio/Archivos/Project SentinelOps/vendor/symfony/console/Command/Command.php(326): Illuminate\\Console\\Command->execute()
#40 /home/mathias/Escritorio/Archivos/Project SentinelOps/vendor/laravel/framework/src/Illuminate/Console/Command.php(180): Symfony\\Component\\Console\\Command\\Command->run()
#41 /home/mathias/Escritorio/Archivos/Project SentinelOps/vendor/symfony/console/Application.php(1121): Illuminate\\Console\\Command->run()
#42 /home/mathias/Escritorio/Archivos/Project SentinelOps/vendor/symfony/console/Application.php(324): Symfony\\Component\\Console\\Application->doRunCommand()
#43 /home/mathias/Escritorio/Archivos/Project SentinelOps/vendor/symfony/console/Application.php(175): Symfony\\Component\\Console\\Application->doRun()
#44 /home/mathias/Escritorio/Archivos/Project SentinelOps/vendor/laravel/framework/src/Illuminate/Foundation/Console/Kernel.php(201): Symfony\\Component\\Console\\Application->run()
#45 /home/mathias/Escritorio/Archivos/Project SentinelOps/artisan(35): Illuminate\\Foundation\\Console\\Kernel->handle()
#46 {main}
"} 
[2026-05-26 20:37:08] local.ERROR: SQLSTATE[HY000]: General error: 1 table "personal_access_tokens" already exists (Connection: sqlite, SQL: create table "personal_access_tokens" ("id" integer primary key autoincrement not null, "tokenable_type" varchar not null, "tokenable_id" integer not null, "name" varchar not null, "token" varchar not null, "abilities" text, "last_used_at" datetime, "expires_at" datetime, "created_at" datetime, "updated_at" datetime)) {"exception":"[object] (Illuminate\\Database\\QueryException(code: HY000): SQLSTATE[HY000]: General error: 1 table \"personal_access_tokens\" already exists (Connection: sqlite, SQL: create table \"personal_access_tokens\" (\"id\" integer primary key autoincrement not null, \"tokenable_type\" varchar not null, \"tokenable_id\" integer not null, \"name\" varchar not null, \"token\" varchar not null, \"abilities\" text, \"last_used_at\" datetime, \"expires_at\" datetime, \"created_at\" datetime, \"updated_at\" datetime)) at /home/mathias/Escritorio/Archivos/Project SentinelOps/vendor/laravel/framework/src/Illuminate/Database/Connection.php:829)
[stacktrace]
#0 /home/mathias/Escritorio/Archivos/Project SentinelOps/vendor/laravel/framework/src/Illuminate/Database/Connection.php(783): Illuminate\\Database\\Connection->runQueryCallback()
#1 /home/mathias/Escritorio/Archivos/Project SentinelOps/vendor/laravel/framework/src/Illuminate/Database/Connection.php(576): Illuminate\\Database\\Connection->run()
#2 /home/mathias/Escritorio/Archivos/Project SentinelOps/vendor/laravel/framework/src/Illuminate/Database/Schema/Blueprint.php(110): Illuminate\\Database\\Connection->statement()
#3 /home/mathias/Escritorio/Archivos/Project SentinelOps/vendor/laravel/framework/src/Illuminate/Database/Schema/Builder.php(602): Illuminate\\Database\\Schema\\Blueprint->build()
#4 /home/mathias/Escritorio/Archivos/Project SentinelOps/vendor/laravel/framework/src/Illuminate/Database/Schema/Builder.php(456): Illuminate\\Database\\Schema\\Builder->build()
#5 /home/mathias/Escritorio/Archivos/Project SentinelOps/vendor/laravel/framework/src/Illuminate/Support/Facades/Facade.php(355): Illuminate\\Database\\Schema\\Builder->create()
#6 /home/mathias/Escritorio/Archivos/Project SentinelOps/database/migrations/2024_01_01_000001_create_personal_access_tokens_table.php(14): Illuminate\\Support\\Facades\\Facade::__callStatic()
#7 /home/mathias/Escritorio/Archivos/Project SentinelOps/vendor/laravel/framework/src/Illuminate/Database/Migrations/Migrator.php(501): Illuminate\\Database\\Migrations\\Migration@anonymous->up()
#8 /home/mathias/Escritorio/Archivos/Project SentinelOps/vendor/laravel/framework/src/Illuminate/Database/Migrations/Migrator.php(418): Illuminate\\Database\\Migrations\\Migrator->runMethod()
#9 /home/mathias/Escritorio/Archivos/Project SentinelOps/vendor/laravel/framework/src/Illuminate/Database/Migrations/Migrator.php(427): Illuminate\\Database\\Migrations\\Migrator->{closure:Illuminate\\Database\\Migrations\\Migrator::runMigration():414}()
#10 /home/mathias/Escritorio/Archivos/Project SentinelOps/vendor/laravel/framework/src/Illuminate/Database/Migrations/Migrator.php(224): Illuminate\\Database\\Migrations\\Migrator->runMigration()
#11 /home/mathias/Escritorio/Archivos/Project SentinelOps/vendor/laravel/framework/src/Illuminate/Console/View/Components/Task.php(37): Illuminate\\Database\\Migrations\\Migrator->{closure:Illuminate\\Database\\Migrations\\Migrator::runUp():224}()
#12 /home/mathias/Escritorio/Archivos/Project SentinelOps/vendor/laravel/framework/src/Illuminate/Database/Migrations/Migrator.php(783): Illuminate\\Console\\View\\Components\\Task->render()
#13 /home/mathias/Escritorio/Archivos/Project SentinelOps/vendor/laravel/framework/src/Illuminate/Database/Migrations/Migrator.php(224): Illuminate\\Database\\Migrations\\Migrator->write()
#14 /home/mathias/Escritorio/Archivos/Project SentinelOps/vendor/laravel/framework/src/Illuminate/Database/Migrations/Migrator.php(189): Illuminate\\Database\\Migrations\\Migrator->runUp()
#15 /home/mathias/Escritorio/Archivos/Project SentinelOps/vendor/laravel/framework/src/Illuminate/Database/Migrations/Migrator.php(132): Illuminate\\Database\\Migrations\\Migrator->runPending()
#16 /home/mathias/Escritorio/Archivos/Project SentinelOps/vendor/laravel/framework/src/Illuminate/Database/Console/Migrations/MigrateCommand.php(90): Illuminate\\Database\\Migrations\\Migrator->run()
#17 /home/mathias/Escritorio/Archivos/Project SentinelOps/vendor/laravel/framework/src/Illuminate/Database/Migrations/Migrator.php(641): Illuminate\\Database\\Console\\Migrations\\MigrateCommand->{closure:Illuminate\\Database\\Console\\Migrations\\MigrateCommand::handle():83}()
#18 /home/mathias/Escritorio/Archivos/Project SentinelOps/vendor/laravel/framework/src/Illuminate/Database/Console/Migrations/MigrateCommand.php(83): Illuminate\\Database\\Migrations\\Migrator->usingConnection()
#19 /home/mathias/Escritorio/Archivos/Project SentinelOps/vendor/laravel/framework/src/Illuminate/Container/BoundMethod.php(36): Illuminate\\Database\\Console\\Migrations\\MigrateCommand->handle()
#20 /home/mathias/Escritorio/Archivos/Project SentinelOps/vendor/laravel/framework/src/Illuminate/Container/Util.php(41): Illuminate\\Container\\BoundMethod::{closure:Illuminate\\Container\\BoundMethod::call():35}()
#21 /home/mathias/Escritorio/Archivos/Project SentinelOps/vendor/laravel/framework/src/Illuminate/Container/BoundMethod.php(93): Illuminate\\Container\\Util::unwrapIfClosure()
#22 /home/mathias/Escritorio/Archivos/Project SentinelOps/vendor/laravel/framework/src/Illuminate/Container/BoundMethod.php(35): Illuminate\\Container\\BoundMethod::callBoundMethod()
#23 /home/mathias/Escritorio/Archivos/Project SentinelOps/vendor/laravel/framework/src/Illuminate/Container/Container.php(662): Illuminate\\Container\\BoundMethod::call()
#24 /home/mathias/Escritorio/Archivos/Project SentinelOps/vendor/laravel/framework/src/Illuminate/Console/Command.php(211): Illuminate\\Container\\Container->call()
#25 /home/mathias/Escritorio/Archivos/Project SentinelOps/vendor/symfony/console/Command/Command.php(326): Illuminate\\Console\\Command->execute()
#26 /home/mathias/Escritorio/Archivos/Project SentinelOps/vendor/laravel/framework/src/Illuminate/Console/Command.php(180): Symfony\\Component\\Console\\Command\\Command->run()
#27 /home/mathias/Escritorio/Archivos/Project SentinelOps/vendor/laravel/framework/src/Illuminate/Console/Concerns/CallsCommands.php(67): Illuminate\\Console\\Command->run()
#28 /home/mathias/Escritorio/Archivos/Project SentinelOps/vendor/laravel/framework/src/Illuminate/Console/Concerns/CallsCommands.php(28): Illuminate\\Console\\Command->runCommand()
#29 /home/mathias/Escritorio/Archivos/Project SentinelOps/vendor/laravel/framework/src/Illuminate/Database/Console/Migrations/FreshCommand.php(53): Illuminate\\Console\\Command->call()
#30 /home/mathias/Escritorio/Archivos/Project SentinelOps/vendor/laravel/framework/src/Illuminate/Container/BoundMethod.php(36): Illuminate\\Database\\Console\\Migrations\\FreshCommand->handle()
#31 /home/mathias/Escritorio/Archivos/Project SentinelOps/vendor/laravel/framework/src/Illuminate/Container/Util.php(41): Illuminate\\Container\\BoundMethod::{closure:Illuminate\\Container\\BoundMethod::call():35}()
#32 /home/mathias/Escritorio/Archivos/Project SentinelOps/vendor/laravel/framework/src/Illuminate/Container/BoundMethod.php(93): Illuminate\\Container\\Util::unwrapIfClosure()
#33 /home/mathias/Escritorio/Archivos/Project SentinelOps/vendor/laravel/framework/src/Illuminate/Container/BoundMethod.php(35): Illuminate\\Container\\BoundMethod::callBoundMethod()
#34 /home/mathias/Escritorio/Archivos/Project SentinelOps/vendor/laravel/framework/src/Illuminate/Container/Container.php(662): Illuminate\\Container\\BoundMethod::call()
#35 /home/mathias/Escritorio/Archivos/Project SentinelOps/vendor/laravel/framework/src/Illuminate/Console/Command.php(211): Illuminate\\Container\\Container->call()
#36 /home/mathias/Escritorio/Archivos/Project SentinelOps/vendor/symfony/console/Command/Command.php(326): Illuminate\\Console\\Command->execute()
#37 /home/mathias/Escritorio/Archivos/Project SentinelOps/vendor/laravel/framework/src/Illuminate/Console/Command.php(180): Symfony\\Component\\Console\\Command\\Command->run()
#38 /home/mathias/Escritorio/Archivos/Project SentinelOps/vendor/symfony/console/Application.php(1121): Illuminate\\Console\\Command->run()
#39 /home/mathias/Escritorio/Archivos/Project SentinelOps/vendor/symfony/console/Application.php(324): Symfony\\Component\\Console\\Application->doRunCommand()
#40 /home/mathias/Escritorio/Archivos/Project SentinelOps/vendor/symfony/console/Application.php(175): Symfony\\Component\\Console\\Application->doRun()
#41 /home/mathias/Escritorio/Archivos/Project SentinelOps/vendor/laravel/framework/src/Illuminate/Foundation/Console/Kernel.php(201): Symfony\\Component\\Console\\Application->run()
#42 /home/mathias/Escritorio/Archivos/Project SentinelOps/artisan(35): Illuminate\\Foundation\\Console\\Kernel->handle()
#43 {main}

[previous exception] [object] (PDOException(code: HY000): SQLSTATE[HY000]: General error: 1 table \"personal_access_tokens\" already exists at /home/mathias/Escritorio/Archivos/Project SentinelOps/vendor/laravel/framework/src/Illuminate/Database/Connection.php:581)
[stacktrace]
#0 /home/mathias/Escritorio/Archivos/Project SentinelOps/vendor/laravel/framework/src/Illuminate/Database/Connection.php(581): PDO->prepare()
#1 /home/mathias/Escritorio/Archivos/Project SentinelOps/vendor/laravel/framework/src/Illuminate/Database/Connection.php(816): Illuminate\\Database\\Connection->{closure:Illuminate\\Database\\Connection::statement():576}()
#2 /home/mathias/Escritorio/Archivos/Project SentinelOps/vendor/laravel/framework/src/Illuminate/Database/Connection.php(783): Illuminate\\Database\\Connection->runQueryCallback()
#3 /home/mathias/Escritorio/Archivos/Project SentinelOps/vendor/laravel/framework/src/Illuminate/Database/Connection.php(576): Illuminate\\Database\\Connection->run()
#4 /home/mathias/Escritorio/Archivos/Project SentinelOps/vendor/laravel/framework/src/Illuminate/Database/Schema/Blueprint.php(110): Illuminate\\Database\\Connection->statement()
#5 /home/mathias/Escritorio/Archivos/Project SentinelOps/vendor/laravel/framework/src/Illuminate/Database/Schema/Builder.php(602): Illuminate\\Database\\Schema\\Blueprint->build()
#6 /home/mathias/Escritorio/Archivos/Project SentinelOps/vendor/laravel/framework/src/Illuminate/Database/Schema/Builder.php(456): Illuminate\\Database\\Schema\\Builder->build()
#7 /home/mathias/Escritorio/Archivos/Project SentinelOps/vendor/laravel/framework/src/Illuminate/Support/Facades/Facade.php(355): Illuminate\\Database\\Schema\\Builder->create()
#8 /home/mathias/Escritorio/Archivos/Project SentinelOps/database/migrations/2024_01_01_000001_create_personal_access_tokens_table.php(14): Illuminate\\Support\\Facades\\Facade::__callStatic()
#9 /home/mathias/Escritorio/Archivos/Project SentinelOps/vendor/laravel/framework/src/Illuminate/Database/Migrations/Migrator.php(501): Illuminate\\Database\\Migrations\\Migration@anonymous->up()
#10 /home/mathias/Escritorio/Archivos/Project SentinelOps/vendor/laravel/framework/src/Illuminate/Database/Migrations/Migrator.php(418): Illuminate\\Database\\Migrations\\Migrator->runMethod()
#11 /home/mathias/Escritorio/Archivos/Project SentinelOps/vendor/laravel/framework/src/Illuminate/Database/Migrations/Migrator.php(427): Illuminate\\Database\\Migrations\\Migrator->{closure:Illuminate\\Database\\Migrations\\Migrator::runMigration():414}()
#12 /home/mathias/Escritorio/Archivos/Project SentinelOps/vendor/laravel/framework/src/Illuminate/Database/Migrations/Migrator.php(224): Illuminate\\Database\\Migrations\\Migrator->runMigration()
#13 /home/mathias/Escritorio/Archivos/Project SentinelOps/vendor/laravel/framework/src/Illuminate/Console/View/Components/Task.php(37): Illuminate\\Database\\Migrations\\Migrator->{closure:Illuminate\\Database\\Migrations\\Migrator::runUp():224}()
#14 /home/mathias/Escritorio/Archivos/Project SentinelOps/vendor/laravel/framework/src/Illuminate/Database/Migrations/Migrator.php(783): Illuminate\\Console\\View\\Components\\Task->render()
#15 /home/mathias/Escritorio/Archivos/Project SentinelOps/vendor/laravel/framework/src/Illuminate/Database/Migrations/Migrator.php(224): Illuminate\\Database\\Migrations\\Migrator->write()
#16 /home/mathias/Escritorio/Archivos/Project SentinelOps/vendor/laravel/framework/src/Illuminate/Database/Migrations/Migrator.php(189): Illuminate\\Database\\Migrations\\Migrator->runUp()
#17 /home/mathias/Escritorio/Archivos/Project SentinelOps/vendor/laravel/framework/src/Illuminate/Database/Migrations/Migrator.php(132): Illuminate\\Database\\Migrations\\Migrator->runPending()
#18 /home/mathias/Escritorio/Archivos/Project SentinelOps/vendor/laravel/framework/src/Illuminate/Database/Console/Migrations/MigrateCommand.php(90): Illuminate\\Database\\Migrations\\Migrator->run()
#19 /home/mathias/Escritorio/Archivos/Project SentinelOps/vendor/laravel/framework/src/Illuminate/Database/Migrations/Migrator.php(641): Illuminate\\Database\\Console\\Migrations\\MigrateCommand->{closure:Illuminate\\Database\\Console\\Migrations\\MigrateCommand::handle():83}()
#20 /home/mathias/Escritorio/Archivos/Project SentinelOps/vendor/laravel/framework/src/Illuminate/Database/Console/Migrations/MigrateCommand.php(83): Illuminate\\Database\\Migrations\\Migrator->usingConnection()
#21 /home/mathias/Escritorio/Archivos/Project SentinelOps/vendor/laravel/framework/src/Illuminate/Container/BoundMethod.php(36): Illuminate\\Database\\Console\\Migrations\\MigrateCommand->handle()
#22 /home/mathias/Escritorio/Archivos/Project SentinelOps/vendor/laravel/framework/src/Illuminate/Container/Util.php(41): Illuminate\\Container\\BoundMethod::{closure:Illuminate\\Container\\BoundMethod::call():35}()
#23 /home/mathias/Escritorio/Archivos/Project SentinelOps/vendor/laravel/framework/src/Illuminate/Container/BoundMethod.php(93): Illuminate\\Container\\Util::unwrapIfClosure()
#24 /home/mathias/Escritorio/Archivos/Project SentinelOps/vendor/laravel/framework/src/Illuminate/Container/BoundMethod.php(35): Illuminate\\Container\\BoundMethod::callBoundMethod()
#25 /home/mathias/Escritorio/Archivos/Project SentinelOps/vendor/laravel/framework/src/Illuminate/Container/Container.php(662): Illuminate\\Container\\BoundMethod::call()
#26 /home/mathias/Escritorio/Archivos/Project SentinelOps/vendor/laravel/framework/src/Illuminate/Console/Command.php(211): Illuminate\\Container\\Container->call()
#27 /home/mathias/Escritorio/Archivos/Project SentinelOps/vendor/symfony/console/Command/Command.php(326): Illuminate\\Console\\Command->execute()
#28 /home/mathias/Escritorio/Archivos/Project SentinelOps/vendor/laravel/framework/src/Illuminate/Console/Command.php(180): Symfony\\Component\\Console\\Command\\Command->run()
#29 /home/mathias/Escritorio/Archivos/Project SentinelOps/vendor/laravel/framework/src/Illuminate/Console/Concerns/CallsCommands.php(67): Illuminate\\Console\\Command->run()
#30 /home/mathias/Escritorio/Archivos/Project SentinelOps/vendor/laravel/framework/src/Illuminate/Console/Concerns/CallsCommands.php(28): Illuminate\\Console\\Command->runCommand()
#31 /home/mathias/Escritorio/Archivos/Project SentinelOps/vendor/laravel/framework/src/Illuminate/Database/Console/Migrations/FreshCommand.php(53): Illuminate\\Console\\Command->call()
#32 /home/mathias/Escritorio/Archivos/Project SentinelOps/vendor/laravel/framework/src/Illuminate/Container/BoundMethod.php(36): Illuminate\\Database\\Console\\Migrations\\FreshCommand->handle()
#33 /home/mathias/Escritorio/Archivos/Project SentinelOps/vendor/laravel/framework/src/Illuminate/Container/Util.php(41): Illuminate\\Container\\BoundMethod::{closure:Illuminate\\Container\\BoundMethod::call():35}()
#34 /home/mathias/Escritorio/Archivos/Project SentinelOps/vendor/laravel/framework/src/Illuminate/Container/BoundMethod.php(93): Illuminate\\Container\\Util::unwrapIfClosure()
#35 /home/mathias/Escritorio/Archivos/Project SentinelOps/vendor/laravel/framework/src/Illuminate/Container/BoundMethod.php(35): Illuminate\\Container\\BoundMethod::callBoundMethod()
#36 /home/mathias/Escritorio/Archivos/Project SentinelOps/vendor/laravel/framework/src/Illuminate/Container/Container.php(662): Illuminate\\Container\\BoundMethod::call()
#37 /home/mathias/Escritorio/Archivos/Project SentinelOps/vendor/laravel/framework/src/Illuminate/Console/Command.php(211): Illuminate\\Container\\Container->call()
#38 /home/mathias/Escritorio/Archivos/Project SentinelOps/vendor/symfony/console/Command/Command.php(326): Illuminate\\Console\\Command->execute()
#39 /home/mathias/Escritorio/Archivos/Project SentinelOps/vendor/laravel/framework/src/Illuminate/Console/Command.php(180): Symfony\\Component\\Console\\Command\\Command->run()
#40 /home/mathias/Escritorio/Archivos/Project SentinelOps/vendor/symfony/console/Application.php(1121): Illuminate\\Console\\Command->run()
#41 /home/mathias/Escritorio/Archivos/Project SentinelOps/vendor/symfony/console/Application.php(324): Symfony\\Component\\Console\\Application->doRunCommand()
#42 /home/mathias/Escritorio/Archivos/Project SentinelOps/vendor/symfony/console/Application.php(175): Symfony\\Component\\Console\\Application->doRun()
#43 /home/mathias/Escritorio/Archivos/Project SentinelOps/vendor/laravel/framework/src/Illuminate/Foundation/Console/Kernel.php(201): Symfony\\Component\\Console\\Application->run()
#44 /home/mathias/Escritorio/Archivos/Project SentinelOps/artisan(35): Illuminate\\Foundation\\Console\\Kernel->handle()
#45 {main}
"} 
[2026-05-26 20:41:25] local.ERROR: Database file at path [database/database.sqlite] does not exist. Ensure this is an absolute path to the database. (Connection: sqlite, SQL: PRAGMA foreign_keys = ON;) {"exception":"[object] (Illuminate\\Database\\QueryException(code: 0): Database file at path [database/database.sqlite] does not exist. Ensure this is an absolute path to the database. (Connection: sqlite, SQL: PRAGMA foreign_keys = ON;) at /home/mathias/Escritorio/Archivos/Project SentinelOps/vendor/laravel/framework/src/Illuminate/Database/Connection.php:829)
[stacktrace]
#0 /home/mathias/Escritorio/Archivos/Project SentinelOps/vendor/laravel/framework/src/Illuminate/Database/Connection.php(783): Illuminate\\Database\\Connection->runQueryCallback()
#1 /home/mathias/Escritorio/Archivos/Project SentinelOps/vendor/laravel/framework/src/Illuminate/Database/Connection.php(576): Illuminate\\Database\\Connection->run()
#2 /home/mathias/Escritorio/Archivos/Project SentinelOps/vendor/laravel/framework/src/Illuminate/Database/Schema/Builder.php(560): Illuminate\\Database\\Connection->statement()
#3 /home/mathias/Escritorio/Archivos/Project SentinelOps/vendor/laravel/framework/src/Illuminate/Database/SQLiteConnection.php(36): Illuminate\\Database\\Schema\\Builder->enableForeignKeyConstraints()
#4 /home/mathias/Escritorio/Archivos/Project SentinelOps/vendor/laravel/framework/src/Illuminate/Database/Connectors/ConnectionFactory.php(272): Illuminate\\Database\\SQLiteConnection->__construct()
#5 /home/mathias/Escritorio/Archivos/Project SentinelOps/vendor/laravel/framework/src/Illuminate/Database/Connectors/ConnectionFactory.php(75): Illuminate\\Database\\Connectors\\ConnectionFactory->createConnection()
#6 /home/mathias/Escritorio/Archivos/Project SentinelOps/vendor/laravel/framework/src/Illuminate/Database/Connectors/ConnectionFactory.php(50): Illuminate\\Database\\Connectors\\ConnectionFactory->createSingleConnection()
#7 /home/mathias/Escritorio/Archivos/Project SentinelOps/vendor/laravel/framework/src/Illuminate/Database/DatabaseManager.php(175): Illuminate\\Database\\Connectors\\ConnectionFactory->make()
#8 /home/mathias/Escritorio/Archivos/Project SentinelOps/vendor/laravel/framework/src/Illuminate/Database/DatabaseManager.php(101): Illuminate\\Database\\DatabaseManager->makeConnection()
#9 /home/mathias/Escritorio/Archivos/Project SentinelOps/vendor/laravel/framework/src/Illuminate/Database/Eloquent/Model.php(1820): Illuminate\\Database\\DatabaseManager->connection()
#10 /home/mathias/Escritorio/Archivos/Project SentinelOps/vendor/laravel/framework/src/Illuminate/Database/Eloquent/Model.php(1786): Illuminate\\Database\\Eloquent\\Model::resolveConnection()
#11 /home/mathias/Escritorio/Archivos/Project SentinelOps/vendor/laravel/framework/src/Illuminate/Database/Eloquent/Model.php(1577): Illuminate\\Database\\Eloquent\\Model->getConnection()
#12 /home/mathias/Escritorio/Archivos/Project SentinelOps/vendor/laravel/framework/src/Illuminate/Database/Eloquent/Model.php(1496): Illuminate\\Database\\Eloquent\\Model->newBaseQueryBuilder()
#13 /home/mathias/Escritorio/Archivos/Project SentinelOps/vendor/laravel/framework/src/Illuminate/Database/Eloquent/Model.php(1532): Illuminate\\Database\\Eloquent\\Model->newModelQuery()
#14 /home/mathias/Escritorio/Archivos/Project SentinelOps/vendor/laravel/framework/src/Illuminate/Database/Eloquent/Model.php(1485): Illuminate\\Database\\Eloquent\\Model->newQueryWithoutScopes()
#15 /home/mathias/Escritorio/Archivos/Project SentinelOps/vendor/laravel/framework/src/Illuminate/Auth/EloquentUserProvider.php(167): Illuminate\\Database\\Eloquent\\Model->newQuery()
#16 /home/mathias/Escritorio/Archivos/Project SentinelOps/vendor/laravel/framework/src/Illuminate/Auth/EloquentUserProvider.php(127): Illuminate\\Auth\\EloquentUserProvider->newModelQuery()
#17 /home/mathias/Escritorio/Archivos/Project SentinelOps/vendor/laravel/framework/src/Illuminate/Auth/SessionGuard.php(381): Illuminate\\Auth\\EloquentUserProvider->retrieveByCredentials()
#18 /home/mathias/Escritorio/Archivos/Project SentinelOps/vendor/laravel/framework/src/Illuminate/Auth/AuthManager.php(340): Illuminate\\Auth\\SessionGuard->attempt()
#19 /home/mathias/Escritorio/Archivos/Project SentinelOps/vendor/laravel/framework/src/Illuminate/Support/Facades/Facade.php(355): Illuminate\\Auth\\AuthManager->__call()
#20 /home/mathias/Escritorio/Archivos/Project SentinelOps/app/Http/Controllers/Web/AuthController.php(24): Illuminate\\Support\\Facades\\Facade::__callStatic()
#21 /home/mathias/Escritorio/Archivos/Project SentinelOps/vendor/laravel/framework/src/Illuminate/Routing/Controller.php(54): App\\Http\\Controllers\\Web\\AuthController->login()
#22 /home/mathias/Escritorio/Archivos/Project SentinelOps/vendor/laravel/framework/src/Illuminate/Routing/ControllerDispatcher.php(43): Illuminate\\Routing\\Controller->callAction()
#23 /home/mathias/Escritorio/Archivos/Project SentinelOps/vendor/laravel/framework/src/Illuminate/Routing/Route.php(259): Illuminate\\Routing\\ControllerDispatcher->dispatch()
#24 /home/mathias/Escritorio/Archivos/Project SentinelOps/vendor/laravel/framework/src/Illuminate/Routing/Route.php(205): Illuminate\\Routing\\Route->runController()
#25 /home/mathias/Escritorio/Archivos/Project SentinelOps/vendor/laravel/framework/src/Illuminate/Routing/Router.php(806): Illuminate\\Routing\\Route->run()
#26 /home/mathias/Escritorio/Archivos/Project SentinelOps/vendor/laravel/framework/src/Illuminate/Pipeline/Pipeline.php(144): Illuminate\\Routing\\Router->{closure:Illuminate\\Routing\\Router::runRouteWithinStack():805}()
#27 /home/mathias/Escritorio/Archivos/Project SentinelOps/app/Http/Middleware/RedirectIfAuthenticated.php(28): Illuminate\\Pipeline\\Pipeline->{closure:Illuminate\\Pipeline\\Pipeline::prepareDestination():142}()
#28 /home/mathias/Escritorio/Archivos/Project SentinelOps/vendor/laravel/framework/src/Illuminate/Pipeline/Pipeline.php(183): App\\Http\\Middleware\\RedirectIfAuthenticated->handle()
#29 /home/mathias/Escritorio/Archivos/Project SentinelOps/vendor/laravel/framework/src/Illuminate/Routing/Middleware/SubstituteBindings.php(50): Illuminate\\Pipeline\\Pipeline->{closure:{closure:Illuminate\\Pipeline\\Pipeline::carry():158}:159}()
#30 /home/mathias/Escritorio/Archivos/Project SentinelOps/vendor/laravel/framework/src/Illuminate/Pipeline/Pipeline.php(183): Illuminate\\Routing\\Middleware\\SubstituteBindings->handle()
#31 /home/mathias/Escritorio/Archivos/Project SentinelOps/vendor/laravel/framework/src/Illuminate/Foundation/Http/Middleware/VerifyCsrfToken.php(78): Illuminate\\Pipeline\\Pipeline->{closure:{closure:Illuminate\\Pipeline\\Pipeline::carry():158}:159}()
#32 /home/mathias/Escritorio/Archivos/Project SentinelOps/vendor/laravel/framework/src/Illuminate/Pipeline/Pipeline.php(183): Illuminate\\Foundation\\Http\\Middleware\\VerifyCsrfToken->handle()
#33 /home/mathias/Escritorio/Archivos/Project SentinelOps/vendor/laravel/framework/src/Illuminate/View/Middleware/ShareErrorsFromSession.php(49): Illuminate\\Pipeline\\Pipeline->{closure:{closure:Illuminate\\Pipeline\\Pipeline::carry():158}:159}()
#34 /home/mathias/Escritorio/Archivos/Project SentinelOps/vendor/laravel/framework/src/Illuminate/Pipeline/Pipeline.php(183): Illuminate\\View\\Middleware\\ShareErrorsFromSession->handle()
#35 /home/mathias/Escritorio/Archivos/Project SentinelOps/vendor/laravel/framework/src/Illuminate/Session/Middleware/StartSession.php(121): Illuminate\\Pipeline\\Pipeline->{closure:{closure:Illuminate\\Pipeline\\Pipeline::carry():158}:159}()
#36 /home/mathias/Escritorio/Archivos/Project SentinelOps/vendor/laravel/framework/src/Illuminate/Session/Middleware/StartSession.php(64): Illuminate\\Session\\Middleware\\StartSession->handleStatefulRequest()
#37 /home/mathias/Escritorio/Archivos/Project SentinelOps/vendor/laravel/framework/src/Illuminate/Pipeline/Pipeline.php(183): Illuminate\\Session\\Middleware\\StartSession->handle()
#38 /home/mathias/Escritorio/Archivos/Project SentinelOps/vendor/laravel/framework/src/Illuminate/Cookie/Middleware/AddQueuedCookiesToResponse.php(37): Illuminate\\Pipeline\\Pipeline->{closure:{closure:Illuminate\\Pipeline\\Pipeline::carry():158}:159}()
#39 /home/mathias/Escritorio/Archivos/Project SentinelOps/vendor/laravel/framework/src/Illuminate/Pipeline/Pipeline.php(183): Illuminate\\Cookie\\Middleware\\AddQueuedCookiesToResponse->handle()
#40 /home/mathias/Escritorio/Archivos/Project SentinelOps/vendor/laravel/framework/src/Illuminate/Cookie/Middleware/EncryptCookies.php(67): Illuminate\\Pipeline\\Pipeline->{closure:{closure:Illuminate\\Pipeline\\Pipeline::carry():158}:159}()
#41 /home/mathias/Escritorio/Archivos/Project SentinelOps/vendor/laravel/framework/src/Illuminate/Pipeline/Pipeline.php(183): Illuminate\\Cookie\\Middleware\\EncryptCookies->handle()
#42 /home/mathias/Escritorio/Archivos/Project SentinelOps/vendor/laravel/framework/src/Illuminate/Pipeline/Pipeline.php(119): Illuminate\\Pipeline\\Pipeline->{closure:{closure:Illuminate\\Pipeline\\Pipeline::carry():158}:159}()
#43 /home/mathias/Escritorio/Archivos/Project SentinelOps/vendor/laravel/framework/src/Illuminate/Routing/Router.php(805): Illuminate\\Pipeline\\Pipeline->then()
#44 /home/mathias/Escritorio/Archivos/Project SentinelOps/vendor/laravel/framework/src/Illuminate/Routing/Router.php(784): Illuminate\\Routing\\Router->runRouteWithinStack()
#45 /home/mathias/Escritorio/Archivos/Project SentinelOps/vendor/laravel/framework/src/Illuminate/Routing/Router.php(748): Illuminate\\Routing\\Router->runRoute()
#46 /home/mathias/Escritorio/Archivos/Project SentinelOps/vendor/laravel/framework/src/Illuminate/Routing/Router.php(737): Illuminate\\Routing\\Router->dispatchToRoute()
#47 /home/mathias/Escritorio/Archivos/Project SentinelOps/vendor/laravel/framework/src/Illuminate/Foundation/Http/Kernel.php(200): Illuminate\\Routing\\Router->dispatch()
#48 /home/mathias/Escritorio/Archivos/Project SentinelOps/vendor/laravel/framework/src/Illuminate/Pipeline/Pipeline.php(144): Illuminate\\Foundation\\Http\\Kernel->{closure:Illuminate\\Foundation\\Http\\Kernel::dispatchToRouter():197}()
#49 /home/mathias/Escritorio/Archivos/Project SentinelOps/vendor/laravel/framework/src/Illuminate/Foundation/Http/Middleware/TransformsRequest.php(21): Illuminate\\Pipeline\\Pipeline->{closure:Illuminate\\Pipeline\\Pipeline::prepareDestination():142}()
#50 /home/mathias/Escritorio/Archivos/Project SentinelOps/vendor/laravel/framework/src/Illuminate/Foundation/Http/Middleware/ConvertEmptyStringsToNull.php(31): Illuminate\\Foundation\\Http\\Middleware\\TransformsRequest->handle()
#51 /home/mathias/Escritorio/Archivos/Project SentinelOps/vendor/laravel/framework/src/Illuminate/Pipeline/Pipeline.php(183): Illuminate\\Foundation\\Http\\Middleware\\ConvertEmptyStringsToNull->handle()
#52 /home/mathias/Escritorio/Archivos/Project SentinelOps/vendor/laravel/framework/src/Illuminate/Foundation/Http/Middleware/TransformsRequest.php(21): Illuminate\\Pipeline\\Pipeline->{closure:{closure:Illuminate\\Pipeline\\Pipeline::carry():158}:159}()
#53 /home/mathias/Escritorio/Archivos/Project SentinelOps/vendor/laravel/framework/src/Illuminate/Foundation/Http/Middleware/TrimStrings.php(40): Illuminate\\Foundation\\Http\\Middleware\\TransformsRequest->handle()
#54 /home/mathias/Escritorio/Archivos/Project SentinelOps/vendor/laravel/framework/src/Illuminate/Pipeline/Pipeline.php(183): Illuminate\\Foundation\\Http\\Middleware\\TrimStrings->handle()
#55 /home/mathias/Escritorio/Archivos/Project SentinelOps/vendor/laravel/framework/src/Illuminate/Foundation/Http/Middleware/ValidatePostSize.php(27): Illuminate\\Pipeline\\Pipeline->{closure:{closure:Illuminate\\Pipeline\\Pipeline::carry():158}:159}()
#56 /home/mathias/Escritorio/Archivos/Project SentinelOps/vendor/laravel/framework/src/Illuminate/Pipeline/Pipeline.php(183): Illuminate\\Foundation\\Http\\Middleware\\ValidatePostSize->handle()
#57 /home/mathias/Escritorio/Archivos/Project SentinelOps/vendor/laravel/framework/src/Illuminate/Foundation/Http/Middleware/PreventRequestsDuringMaintenance.php(99): Illuminate\\Pipeline\\Pipeline->{closure:{closure:Illuminate\\Pipeline\\Pipeline::carry():158}:159}()
#58 /home/mathias/Escritorio/Archivos/Project SentinelOps/vendor/laravel/framework/src/Illuminate/Pipeline/Pipeline.php(183): Illuminate\\Foundation\\Http\\Middleware\\PreventRequestsDuringMaintenance->handle()
#59 /home/mathias/Escritorio/Archivos/Project SentinelOps/vendor/laravel/framework/src/Illuminate/Http/Middleware/HandleCors.php(49): Illuminate\\Pipeline\\Pipeline->{closure:{closure:Illuminate\\Pipeline\\Pipeline::carry():158}:159}()
#60 /home/mathias/Escritorio/Archivos/Project SentinelOps/vendor/laravel/framework/src/Illuminate/Pipeline/Pipeline.php(183): Illuminate\\Http\\Middleware\\HandleCors->handle()
#61 /home/mathias/Escritorio/Archivos/Project SentinelOps/vendor/laravel/framework/src/Illuminate/Http/Middleware/TrustProxies.php(39): Illuminate\\Pipeline\\Pipeline->{closure:{closure:Illuminate\\Pipeline\\Pipeline::carry():158}:159}()
#62 /home/mathias/Escritorio/Archivos/Project SentinelOps/vendor/laravel/framework/src/Illuminate/Pipeline/Pipeline.php(183): Illuminate\\Http\\Middleware\\TrustProxies->handle()
#63 /home/mathias/Escritorio/Archivos/Project SentinelOps/vendor/laravel/framework/src/Illuminate/Pipeline/Pipeline.php(119): Illuminate\\Pipeline\\Pipeline->{closure:{closure:Illuminate\\Pipeline\\Pipeline::carry():158}:159}()
#64 /home/mathias/Escritorio/Archivos/Project SentinelOps/vendor/laravel/framework/src/Illuminate/Foundation/Http/Kernel.php(175): Illuminate\\Pipeline\\Pipeline->then()
#65 /home/mathias/Escritorio/Archivos/Project SentinelOps/vendor/laravel/framework/src/Illuminate/Foundation/Http/Kernel.php(144): Illuminate\\Foundation\\Http\\Kernel->sendRequestThroughRouter()
#66 /home/mathias/Escritorio/Archivos/Project SentinelOps/public/index.php(16): Illuminate\\Foundation\\Http\\Kernel->handle()
#67 /home/mathias/Escritorio/Archivos/Project SentinelOps/vendor/laravel/framework/src/Illuminate/Foundation/resources/server.php(16): require_once('...')
#68 {main}

[previous exception] [object] (Illuminate\\Database\\SQLiteDatabaseDoesNotExistException(code: 0): Database file at path [database/database.sqlite] does not exist. Ensure this is an absolute path to the database. at /home/mathias/Escritorio/Archivos/Project SentinelOps/vendor/laravel/framework/src/Illuminate/Database/Connectors/SQLiteConnector.php:34)
[stacktrace]
#0 /home/mathias/Escritorio/Archivos/Project SentinelOps/vendor/laravel/framework/src/Illuminate/Database/Connectors/ConnectionFactory.php(221): Illuminate\\Database\\Connectors\\SQLiteConnector->connect()
#1 [internal function]: Illuminate\\Database\\Connectors\\ConnectionFactory->{closure:Illuminate\\Database\\Connectors\\ConnectionFactory::createPdoResolverWithoutHosts():221}()
#2 /home/mathias/Escritorio/Archivos/Project SentinelOps/vendor/laravel/framework/src/Illuminate/Database/Connection.php(1339): call_user_func()
#3 /home/mathias/Escritorio/Archivos/Project SentinelOps/vendor/laravel/framework/src/Illuminate/Database/Connection.php(581): Illuminate\\Database\\Connection->getPdo()
#4 /home/mathias/Escritorio/Archivos/Project SentinelOps/vendor/laravel/framework/src/Illuminate/Database/Connection.php(816): Illuminate\\Database\\Connection->{closure:Illuminate\\Database\\Connection::statement():576}()
#5 /home/mathias/Escritorio/Archivos/Project SentinelOps/vendor/laravel/framework/src/Illuminate/Database/Connection.php(783): Illuminate\\Database\\Connection->runQueryCallback()
#6 /home/mathias/Escritorio/Archivos/Project SentinelOps/vendor/laravel/framework/src/Illuminate/Database/Connection.php(576): Illuminate\\Database\\Connection->run()
#7 /home/mathias/Escritorio/Archivos/Project SentinelOps/vendor/laravel/framework/src/Illuminate/Database/Schema/Builder.php(560): Illuminate\\Database\\Connection->statement()
#8 /home/mathias/Escritorio/Archivos/Project SentinelOps/vendor/laravel/framework/src/Illuminate/Database/SQLiteConnection.php(36): Illuminate\\Database\\Schema\\Builder->enableForeignKeyConstraints()
#9 /home/mathias/Escritorio/Archivos/Project SentinelOps/vendor/laravel/framework/src/Illuminate/Database/Connectors/ConnectionFactory.php(272): Illuminate\\Database\\SQLiteConnection->__construct()
#10 /home/mathias/Escritorio/Archivos/Project SentinelOps/vendor/laravel/framework/src/Illuminate/Database/Connectors/ConnectionFactory.php(75): Illuminate\\Database\\Connectors\\ConnectionFactory->createConnection()
#11 /home/mathias/Escritorio/Archivos/Project SentinelOps/vendor/laravel/framework/src/Illuminate/Database/Connectors/ConnectionFactory.php(50): Illuminate\\Database\\Connectors\\ConnectionFactory->createSingleConnection()
#12 /home/mathias/Escritorio/Archivos/Project SentinelOps/vendor/laravel/framework/src/Illuminate/Database/DatabaseManager.php(175): Illuminate\\Database\\Connectors\\ConnectionFactory->make()
#13 /home/mathias/Escritorio/Archivos/Project SentinelOps/vendor/laravel/framework/src/Illuminate/Database/DatabaseManager.php(101): Illuminate\\Database\\DatabaseManager->makeConnection()
#14 /home/mathias/Escritorio/Archivos/Project SentinelOps/vendor/laravel/framework/src/Illuminate/Database/Eloquent/Model.php(1820): Illuminate\\Database\\DatabaseManager->connection()
#15 /home/mathias/Escritorio/Archivos/Project SentinelOps/vendor/laravel/framework/src/Illuminate/Database/Eloquent/Model.php(1786): Illuminate\\Database\\Eloquent\\Model::resolveConnection()
#16 /home/mathias/Escritorio/Archivos/Project SentinelOps/vendor/laravel/framework/src/Illuminate/Database/Eloquent/Model.php(1577): Illuminate\\Database\\Eloquent\\Model->getConnection()
#17 /home/mathias/Escritorio/Archivos/Project SentinelOps/vendor/laravel/framework/src/Illuminate/Database/Eloquent/Model.php(1496): Illuminate\\Database\\Eloquent\\Model->newBaseQueryBuilder()
#18 /home/mathias/Escritorio/Archivos/Project SentinelOps/vendor/laravel/framework/src/Illuminate/Database/Eloquent/Model.php(1532): Illuminate\\Database\\Eloquent\\Model->newModelQuery()
#19 /home/mathias/Escritorio/Archivos/Project SentinelOps/vendor/laravel/framework/src/Illuminate/Database/Eloquent/Model.php(1485): Illuminate\\Database\\Eloquent\\Model->newQueryWithoutScopes()
#20 /home/mathias/Escritorio/Archivos/Project SentinelOps/vendor/laravel/framework/src/Illuminate/Auth/EloquentUserProvider.php(167): Illuminate\\Database\\Eloquent\\Model->newQuery()
#21 /home/mathias/Escritorio/Archivos/Project SentinelOps/vendor/laravel/framework/src/Illuminate/Auth/EloquentUserProvider.php(127): Illuminate\\Auth\\EloquentUserProvider->newModelQuery()
#22 /home/mathias/Escritorio/Archivos/Project SentinelOps/vendor/laravel/framework/src/Illuminate/Auth/SessionGuard.php(381): Illuminate\\Auth\\EloquentUserProvider->retrieveByCredentials()
#23 /home/mathias/Escritorio/Archivos/Project SentinelOps/vendor/laravel/framework/src/Illuminate/Auth/AuthManager.php(340): Illuminate\\Auth\\SessionGuard->attempt()
#24 /home/mathias/Escritorio/Archivos/Project SentinelOps/vendor/laravel/framework/src/Illuminate/Support/Facades/Facade.php(355): Illuminate\\Auth\\AuthManager->__call()
#25 /home/mathias/Escritorio/Archivos/Project SentinelOps/app/Http/Controllers/Web/AuthController.php(24): Illuminate\\Support\\Facades\\Facade::__callStatic()
#26 /home/mathias/Escritorio/Archivos/Project SentinelOps/vendor/laravel/framework/src/Illuminate/Routing/Controller.php(54): App\\Http\\Controllers\\Web\\AuthController->login()
#27 /home/mathias/Escritorio/Archivos/Project SentinelOps/vendor/laravel/framework/src/Illuminate/Routing/ControllerDispatcher.php(43): Illuminate\\Routing\\Controller->callAction()
#28 /home/mathias/Escritorio/Archivos/Project SentinelOps/vendor/laravel/framework/src/Illuminate/Routing/Route.php(259): Illuminate\\Routing\\ControllerDispatcher->dispatch()
#29 /home/mathias/Escritorio/Archivos/Project SentinelOps/vendor/laravel/framework/src/Illuminate/Routing/Route.php(205): Illuminate\\Routing\\Route->runController()
#30 /home/mathias/Escritorio/Archivos/Project SentinelOps/vendor/laravel/framework/src/Illuminate/Routing/Router.php(806): Illuminate\\Routing\\Route->run()
#31 /home/mathias/Escritorio/Archivos/Project SentinelOps/vendor/laravel/framework/src/Illuminate/Pipeline/Pipeline.php(144): Illuminate\\Routing\\Router->{closure:Illuminate\\Routing\\Router::runRouteWithinStack():805}()
#32 /home/mathias/Escritorio/Archivos/Project SentinelOps/app/Http/Middleware/RedirectIfAuthenticated.php(28): Illuminate\\Pipeline\\Pipeline->{closure:Illuminate\\Pipeline\\Pipeline::prepareDestination():142}()
#33 /home/mathias/Escritorio/Archivos/Project SentinelOps/vendor/laravel/framework/src/Illuminate/Pipeline/Pipeline.php(183): App\\Http\\Middleware\\RedirectIfAuthenticated->handle()
#34 /home/mathias/Escritorio/Archivos/Project SentinelOps/vendor/laravel/framework/src/Illuminate/Routing/Middleware/SubstituteBindings.php(50): Illuminate\\Pipeline\\Pipeline->{closure:{closure:Illuminate\\Pipeline\\Pipeline::carry():158}:159}()
#35 /home/mathias/Escritorio/Archivos/Project SentinelOps/vendor/laravel/framework/src/Illuminate/Pipeline/Pipeline.php(183): Illuminate\\Routing\\Middleware\\SubstituteBindings->handle()
#36 /home/mathias/Escritorio/Archivos/Project SentinelOps/vendor/laravel/framework/src/Illuminate/Foundation/Http/Middleware/VerifyCsrfToken.php(78): Illuminate\\Pipeline\\Pipeline->{closure:{closure:Illuminate\\Pipeline\\Pipeline::carry():158}:159}()
#37 /home/mathias/Escritorio/Archivos/Project SentinelOps/vendor/laravel/framework/src/Illuminate/Pipeline/Pipeline.php(183): Illuminate\\Foundation\\Http\\Middleware\\VerifyCsrfToken->handle()
#38 /home/mathias/Escritorio/Archivos/Project SentinelOps/vendor/laravel/framework/src/Illuminate/View/Middleware/ShareErrorsFromSession.php(49): Illuminate\\Pipeline\\Pipeline->{closure:{closure:Illuminate\\Pipeline\\Pipeline::carry():158}:159}()
#39 /home/mathias/Escritorio/Archivos/Project SentinelOps/vendor/laravel/framework/src/Illuminate/Pipeline/Pipeline.php(183): Illuminate\\View\\Middleware\\ShareErrorsFromSession->handle()
#40 /home/mathias/Escritorio/Archivos/Project SentinelOps/vendor/laravel/framework/src/Illuminate/Session/Middleware/StartSession.php(121): Illuminate\\Pipeline\\Pipeline->{closure:{closure:Illuminate\\Pipeline\\Pipeline::carry():158}:159}()
#41 /home/mathias/Escritorio/Archivos/Project SentinelOps/vendor/laravel/framework/src/Illuminate/Session/Middleware/StartSession.php(64): Illuminate\\Session\\Middleware\\StartSession->handleStatefulRequest()
#42 /home/mathias/Escritorio/Archivos/Project SentinelOps/vendor/laravel/framework/src/Illuminate/Pipeline/Pipeline.php(183): Illuminate\\Session\\Middleware\\StartSession->handle()
#43 /home/mathias/Escritorio/Archivos/Project SentinelOps/vendor/laravel/framework/src/Illuminate/Cookie/Middleware/AddQueuedCookiesToResponse.php(37): Illuminate\\Pipeline\\Pipeline->{closure:{closure:Illuminate\\Pipeline\\Pipeline::carry():158}:159}()
#44 /home/mathias/Escritorio/Archivos/Project SentinelOps/vendor/laravel/framework/src/Illuminate/Pipeline/Pipeline.php(183): Illuminate\\Cookie\\Middleware\\AddQueuedCookiesToResponse->handle()
#45 /home/mathias/Escritorio/Archivos/Project SentinelOps/vendor/laravel/framework/src/Illuminate/Cookie/Middleware/EncryptCookies.php(67): Illuminate\\Pipeline\\Pipeline->{closure:{closure:Illuminate\\Pipeline\\Pipeline::carry():158}:159}()
#46 /home/mathias/Escritorio/Archivos/Project SentinelOps/vendor/laravel/framework/src/Illuminate/Pipeline/Pipeline.php(183): Illuminate\\Cookie\\Middleware\\EncryptCookies->handle()
#47 /home/mathias/Escritorio/Archivos/Project SentinelOps/vendor/laravel/framework/src/Illuminate/Pipeline/Pipeline.php(119): Illuminate\\Pipeline\\Pipeline->{closure:{closure:Illuminate\\Pipeline\\Pipeline::carry():158}:159}()
#48 /home/mathias/Escritorio/Archivos/Project SentinelOps/vendor/laravel/framework/src/Illuminate/Routing/Router.php(805): Illuminate\\Pipeline\\Pipeline->then()
#49 /home/mathias/Escritorio/Archivos/Project SentinelOps/vendor/laravel/framework/src/Illuminate/Routing/Router.php(784): Illuminate\\Routing\\Router->runRouteWithinStack()
#50 /home/mathias/Escritorio/Archivos/Project SentinelOps/vendor/laravel/framework/src/Illuminate/Routing/Router.php(748): Illuminate\\Routing\\Router->runRoute()
#51 /home/mathias/Escritorio/Archivos/Project SentinelOps/vendor/laravel/framework/src/Illuminate/Routing/Router.php(737): Illuminate\\Routing\\Router->dispatchToRoute()
#52 /home/mathias/Escritorio/Archivos/Project SentinelOps/vendor/laravel/framework/src/Illuminate/Foundation/Http/Kernel.php(200): Illuminate\\Routing\\Router->dispatch()
#53 /home/mathias/Escritorio/Archivos/Project SentinelOps/vendor/laravel/framework/src/Illuminate/Pipeline/Pipeline.php(144): Illuminate\\Foundation\\Http\\Kernel->{closure:Illuminate\\Foundation\\Http\\Kernel::dispatchToRouter():197}()
#54 /home/mathias/Escritorio/Archivos/Project SentinelOps/vendor/laravel/framework/src/Illuminate/Foundation/Http/Middleware/TransformsRequest.php(21): Illuminate\\Pipeline\\Pipeline->{closure:Illuminate\\Pipeline\\Pipeline::prepareDestination():142}()
#55 /home/mathias/Escritorio/Archivos/Project SentinelOps/vendor/laravel/framework/src/Illuminate/Foundation/Http/Middleware/ConvertEmptyStringsToNull.php(31): Illuminate\\Foundation\\Http\\Middleware\\TransformsRequest->handle()
#56 /home/mathias/Escritorio/Archivos/Project SentinelOps/vendor/laravel/framework/src/Illuminate/Pipeline/Pipeline.php(183): Illuminate\\Foundation\\Http\\Middleware\\ConvertEmptyStringsToNull->handle()
#57 /home/mathias/Escritorio/Archivos/Project SentinelOps/vendor/laravel/framework/src/Illuminate/Foundation/Http/Middleware/TransformsRequest.php(21): Illuminate\\Pipeline\\Pipeline->{closure:{closure:Illuminate\\Pipeline\\Pipeline::carry():158}:159}()
#58 /home/mathias/Escritorio/Archivos/Project SentinelOps/vendor/laravel/framework/src/Illuminate/Foundation/Http/Middleware/TrimStrings.php(40): Illuminate\\Foundation\\Http\\Middleware\\TransformsRequest->handle()
#59 /home/mathias/Escritorio/Archivos/Project SentinelOps/vendor/laravel/framework/src/Illuminate/Pipeline/Pipeline.php(183): Illuminate\\Foundation\\Http\\Middleware\\TrimStrings->handle()
#60 /home/mathias/Escritorio/Archivos/Project SentinelOps/vendor/laravel/framework/src/Illuminate/Foundation/Http/Middleware/ValidatePostSize.php(27): Illuminate\\Pipeline\\Pipeline->{closure:{closure:Illuminate\\Pipeline\\Pipeline::carry():158}:159}()
#61 /home/mathias/Escritorio/Archivos/Project SentinelOps/vendor/laravel/framework/src/Illuminate/Pipeline/Pipeline.php(183): Illuminate\\Foundation\\Http\\Middleware\\ValidatePostSize->handle()
#62 /home/mathias/Escritorio/Archivos/Project SentinelOps/vendor/laravel/framework/src/Illuminate/Foundation/Http/Middleware/PreventRequestsDuringMaintenance.php(99): Illuminate\\Pipeline\\Pipeline->{closure:{closure:Illuminate\\Pipeline\\Pipeline::carry():158}:159}()
#63 /home/mathias/Escritorio/Archivos/Project SentinelOps/vendor/laravel/framework/src/Illuminate/Pipeline/Pipeline.php(183): Illuminate\\Foundation\\Http\\Middleware\\PreventRequestsDuringMaintenance->handle()
#64 /home/mathias/Escritorio/Archivos/Project SentinelOps/vendor/laravel/framework/src/Illuminate/Http/Middleware/HandleCors.php(49): Illuminate\\Pipeline\\Pipeline->{closure:{closure:Illuminate\\Pipeline\\Pipeline::carry():158}:159}()
#65 /home/mathias/Escritorio/Archivos/Project SentinelOps/vendor/laravel/framework/src/Illuminate/Pipeline/Pipeline.php(183): Illuminate\\Http\\Middleware\\HandleCors->handle()
#66 /home/mathias/Escritorio/Archivos/Project SentinelOps/vendor/laravel/framework/src/Illuminate/Http/Middleware/TrustProxies.php(39): Illuminate\\Pipeline\\Pipeline->{closure:{closure:Illuminate\\Pipeline\\Pipeline::carry():158}:159}()
#67 /home/mathias/Escritorio/Archivos/Project SentinelOps/vendor/laravel/framework/src/Illuminate/Pipeline/Pipeline.php(183): Illuminate\\Http\\Middleware\\TrustProxies->handle()
#68 /home/mathias/Escritorio/Archivos/Project SentinelOps/vendor/laravel/framework/src/Illuminate/Pipeline/Pipeline.php(119): Illuminate\\Pipeline\\Pipeline->{closure:{closure:Illuminate\\Pipeline\\Pipeline::carry():158}:159}()
#69 /home/mathias/Escritorio/Archivos/Project SentinelOps/vendor/laravel/framework/src/Illuminate/Foundation/Http/Kernel.php(175): Illuminate\\Pipeline\\Pipeline->then()
#70 /home/mathias/Escritorio/Archivos/Project SentinelOps/vendor/laravel/framework/src/Illuminate/Foundation/Http/Kernel.php(144): Illuminate\\Foundation\\Http\\Kernel->sendRequestThroughRouter()
#71 /home/mathias/Escritorio/Archivos/Project SentinelOps/public/index.php(16): Illuminate\\Foundation\\Http\\Kernel->handle()
#72 /home/mathias/Escritorio/Archivos/Project SentinelOps/vendor/laravel/framework/src/Illuminate/Foundation/resources/server.php(16): require_once('...')
#73 {main}
"} 
[2026-05-26 20:46:21] local.ERROR: Database file at path [database/database.sqlite] does not exist. Ensure this is an absolute path to the database. (Connection: sqlite, SQL: PRAGMA foreign_keys = ON;) {"exception":"[object] (Illuminate\\Database\\QueryException(code: 0): Database file at path [database/database.sqlite] does not exist. Ensure this is an absolute path to the database. (Connection: sqlite, SQL: PRAGMA foreign_keys = ON;) at /home/mathias/Escritorio/Archivos/Project SentinelOps/vendor/laravel/framework/src/Illuminate/Database/Connection.php:829)
[stacktrace]
#0 /home/mathias/Escritorio/Archivos/Project SentinelOps/vendor/laravel/framework/src/Illuminate/Database/Connection.php(783): Illuminate\\Database\\Connection->runQueryCallback()
#1 /home/mathias/Escritorio/Archivos/Project SentinelOps/vendor/laravel/framework/src/Illuminate/Database/Connection.php(576): Illuminate\\Database\\Connection->run()
#2 /home/mathias/Escritorio/Archivos/Project SentinelOps/vendor/laravel/framework/src/Illuminate/Database/Schema/Builder.php(560): Illuminate\\Database\\Connection->statement()
#3 /home/mathias/Escritorio/Archivos/Project SentinelOps/vendor/laravel/framework/src/Illuminate/Database/SQLiteConnection.php(36): Illuminate\\Database\\Schema\\Builder->enableForeignKeyConstraints()
#4 /home/mathias/Escritorio/Archivos/Project SentinelOps/vendor/laravel/framework/src/Illuminate/Database/Connectors/ConnectionFactory.php(272): Illuminate\\Database\\SQLiteConnection->__construct()
#5 /home/mathias/Escritorio/Archivos/Project SentinelOps/vendor/laravel/framework/src/Illuminate/Database/Connectors/ConnectionFactory.php(75): Illuminate\\Database\\Connectors\\ConnectionFactory->createConnection()
#6 /home/mathias/Escritorio/Archivos/Project SentinelOps/vendor/laravel/framework/src/Illuminate/Database/Connectors/ConnectionFactory.php(50): Illuminate\\Database\\Connectors\\ConnectionFactory->createSingleConnection()
#7 /home/mathias/Escritorio/Archivos/Project SentinelOps/vendor/laravel/framework/src/Illuminate/Database/DatabaseManager.php(175): Illuminate\\Database\\Connectors\\ConnectionFactory->make()
#8 /home/mathias/Escritorio/Archivos/Project SentinelOps/vendor/laravel/framework/src/Illuminate/Database/DatabaseManager.php(101): Illuminate\\Database\\DatabaseManager->makeConnection()
#9 /home/mathias/Escritorio/Archivos/Project SentinelOps/vendor/laravel/framework/src/Illuminate/Database/Eloquent/Model.php(1820): Illuminate\\Database\\DatabaseManager->connection()
#10 /home/mathias/Escritorio/Archivos/Project SentinelOps/vendor/laravel/framework/src/Illuminate/Database/Eloquent/Model.php(1786): Illuminate\\Database\\Eloquent\\Model::resolveConnection()
#11 /home/mathias/Escritorio/Archivos/Project SentinelOps/vendor/laravel/framework/src/Illuminate/Database/Eloquent/Model.php(1577): Illuminate\\Database\\Eloquent\\Model->getConnection()
#12 /home/mathias/Escritorio/Archivos/Project SentinelOps/vendor/laravel/framework/src/Illuminate/Database/Eloquent/Model.php(1496): Illuminate\\Database\\Eloquent\\Model->newBaseQueryBuilder()
#13 /home/mathias/Escritorio/Archivos/Project SentinelOps/vendor/laravel/framework/src/Illuminate/Database/Eloquent/Model.php(1532): Illuminate\\Database\\Eloquent\\Model->newModelQuery()
#14 /home/mathias/Escritorio/Archivos/Project SentinelOps/vendor/laravel/framework/src/Illuminate/Database/Eloquent/Model.php(1485): Illuminate\\Database\\Eloquent\\Model->newQueryWithoutScopes()
#15 /home/mathias/Escritorio/Archivos/Project SentinelOps/vendor/laravel/framework/src/Illuminate/Auth/EloquentUserProvider.php(167): Illuminate\\Database\\Eloquent\\Model->newQuery()
#16 /home/mathias/Escritorio/Archivos/Project SentinelOps/vendor/laravel/framework/src/Illuminate/Auth/EloquentUserProvider.php(127): Illuminate\\Auth\\EloquentUserProvider->newModelQuery()
#17 /home/mathias/Escritorio/Archivos/Project SentinelOps/vendor/laravel/framework/src/Illuminate/Auth/SessionGuard.php(381): Illuminate\\Auth\\EloquentUserProvider->retrieveByCredentials()
#18 /home/mathias/Escritorio/Archivos/Project SentinelOps/vendor/laravel/framework/src/Illuminate/Auth/AuthManager.php(340): Illuminate\\Auth\\SessionGuard->attempt()
#19 /home/mathias/Escritorio/Archivos/Project SentinelOps/vendor/laravel/framework/src/Illuminate/Support/Facades/Facade.php(355): Illuminate\\Auth\\AuthManager->__call()
#20 /home/mathias/Escritorio/Archivos/Project SentinelOps/app/Http/Controllers/Web/AuthController.php(24): Illuminate\\Support\\Facades\\Facade::__callStatic()
#21 /home/mathias/Escritorio/Archivos/Project SentinelOps/vendor/laravel/framework/src/Illuminate/Routing/Controller.php(54): App\\Http\\Controllers\\Web\\AuthController->login()
#22 /home/mathias/Escritorio/Archivos/Project SentinelOps/vendor/laravel/framework/src/Illuminate/Routing/ControllerDispatcher.php(43): Illuminate\\Routing\\Controller->callAction()
#23 /home/mathias/Escritorio/Archivos/Project SentinelOps/vendor/laravel/framework/src/Illuminate/Routing/Route.php(259): Illuminate\\Routing\\ControllerDispatcher->dispatch()
#24 /home/mathias/Escritorio/Archivos/Project SentinelOps/vendor/laravel/framework/src/Illuminate/Routing/Route.php(205): Illuminate\\Routing\\Route->runController()
#25 /home/mathias/Escritorio/Archivos/Project SentinelOps/vendor/laravel/framework/src/Illuminate/Routing/Router.php(806): Illuminate\\Routing\\Route->run()
#26 /home/mathias/Escritorio/Archivos/Project SentinelOps/vendor/laravel/framework/src/Illuminate/Pipeline/Pipeline.php(144): Illuminate\\Routing\\Router->{closure:Illuminate\\Routing\\Router::runRouteWithinStack():805}()
#27 /home/mathias/Escritorio/Archivos/Project SentinelOps/app/Http/Middleware/RedirectIfAuthenticated.php(28): Illuminate\\Pipeline\\Pipeline->{closure:Illuminate\\Pipeline\\Pipeline::prepareDestination():142}()
#28 /home/mathias/Escritorio/Archivos/Project SentinelOps/vendor/laravel/framework/src/Illuminate/Pipeline/Pipeline.php(183): App\\Http\\Middleware\\RedirectIfAuthenticated->handle()
#29 /home/mathias/Escritorio/Archivos/Project SentinelOps/vendor/laravel/framework/src/Illuminate/Routing/Middleware/SubstituteBindings.php(50): Illuminate\\Pipeline\\Pipeline->{closure:{closure:Illuminate\\Pipeline\\Pipeline::carry():158}:159}()
#30 /home/mathias/Escritorio/Archivos/Project SentinelOps/vendor/laravel/framework/src/Illuminate/Pipeline/Pipeline.php(183): Illuminate\\Routing\\Middleware\\SubstituteBindings->handle()
#31 /home/mathias/Escritorio/Archivos/Project SentinelOps/vendor/laravel/framework/src/Illuminate/Foundation/Http/Middleware/VerifyCsrfToken.php(78): Illuminate\\Pipeline\\Pipeline->{closure:{closure:Illuminate\\Pipeline\\Pipeline::carry():158}:159}()
#32 /home/mathias/Escritorio/Archivos/Project SentinelOps/vendor/laravel/framework/src/Illuminate/Pipeline/Pipeline.php(183): Illuminate\\Foundation\\Http\\Middleware\\VerifyCsrfToken->handle()
#33 /home/mathias/Escritorio/Archivos/Project SentinelOps/vendor/laravel/framework/src/Illuminate/View/Middleware/ShareErrorsFromSession.php(49): Illuminate\\Pipeline\\Pipeline->{closure:{closure:Illuminate\\Pipeline\\Pipeline::carry():158}:159}()
#34 /home/mathias/Escritorio/Archivos/Project SentinelOps/vendor/laravel/framework/src/Illuminate/Pipeline/Pipeline.php(183): Illuminate\\View\\Middleware\\ShareErrorsFromSession->handle()
#35 /home/mathias/Escritorio/Archivos/Project SentinelOps/vendor/laravel/framework/src/Illuminate/Session/Middleware/StartSession.php(121): Illuminate\\Pipeline\\Pipeline->{closure:{closure:Illuminate\\Pipeline\\Pipeline::carry():158}:159}()
#36 /home/mathias/Escritorio/Archivos/Project SentinelOps/vendor/laravel/framework/src/Illuminate/Session/Middleware/StartSession.php(64): Illuminate\\Session\\Middleware\\StartSession->handleStatefulRequest()
#37 /home/mathias/Escritorio/Archivos/Project SentinelOps/vendor/laravel/framework/src/Illuminate/Pipeline/Pipeline.php(183): Illuminate\\Session\\Middleware\\StartSession->handle()
#38 /home/mathias/Escritorio/Archivos/Project SentinelOps/vendor/laravel/framework/src/Illuminate/Cookie/Middleware/AddQueuedCookiesToResponse.php(37): Illuminate\\Pipeline\\Pipeline->{closure:{closure:Illuminate\\Pipeline\\Pipeline::carry():158}:159}()
#39 /home/mathias/Escritorio/Archivos/Project SentinelOps/vendor/laravel/framework/src/Illuminate/Pipeline/Pipeline.php(183): Illuminate\\Cookie\\Middleware\\AddQueuedCookiesToResponse->handle()
#40 /home/mathias/Escritorio/Archivos/Project SentinelOps/vendor/laravel/framework/src/Illuminate/Cookie/Middleware/EncryptCookies.php(67): Illuminate\\Pipeline\\Pipeline->{closure:{closure:Illuminate\\Pipeline\\Pipeline::carry():158}:159}()
#41 /home/mathias/Escritorio/Archivos/Project SentinelOps/vendor/laravel/framework/src/Illuminate/Pipeline/Pipeline.php(183): Illuminate\\Cookie\\Middleware\\EncryptCookies->handle()
#42 /home/mathias/Escritorio/Archivos/Project SentinelOps/vendor/laravel/framework/src/Illuminate/Pipeline/Pipeline.php(119): Illuminate\\Pipeline\\Pipeline->{closure:{closure:Illuminate\\Pipeline\\Pipeline::carry():158}:159}()
#43 /home/mathias/Escritorio/Archivos/Project SentinelOps/vendor/laravel/framework/src/Illuminate/Routing/Router.php(805): Illuminate\\Pipeline\\Pipeline->then()
#44 /home/mathias/Escritorio/Archivos/Project SentinelOps/vendor/laravel/framework/src/Illuminate/Routing/Router.php(784): Illuminate\\Routing\\Router->runRouteWithinStack()
#45 /home/mathias/Escritorio/Archivos/Project SentinelOps/vendor/laravel/framework/src/Illuminate/Routing/Router.php(748): Illuminate\\Routing\\Router->runRoute()
#46 /home/mathias/Escritorio/Archivos/Project SentinelOps/vendor/laravel/framework/src/Illuminate/Routing/Router.php(737): Illuminate\\Routing\\Router->dispatchToRoute()
#47 /home/mathias/Escritorio/Archivos/Project SentinelOps/vendor/laravel/framework/src/Illuminate/Foundation/Http/Kernel.php(200): Illuminate\\Routing\\Router->dispatch()
#48 /home/mathias/Escritorio/Archivos/Project SentinelOps/vendor/laravel/framework/src/Illuminate/Pipeline/Pipeline.php(144): Illuminate\\Foundation\\Http\\Kernel->{closure:Illuminate\\Foundation\\Http\\Kernel::dispatchToRouter():197}()
#49 /home/mathias/Escritorio/Archivos/Project SentinelOps/vendor/laravel/framework/src/Illuminate/Foundation/Http/Middleware/TransformsRequest.php(21): Illuminate\\Pipeline\\Pipeline->{closure:Illuminate\\Pipeline\\Pipeline::prepareDestination():142}()
#50 /home/mathias/Escritorio/Archivos/Project SentinelOps/vendor/laravel/framework/src/Illuminate/Foundation/Http/Middleware/ConvertEmptyStringsToNull.php(31): Illuminate\\Foundation\\Http\\Middleware\\TransformsRequest->handle()
#51 /home/mathias/Escritorio/Archivos/Project SentinelOps/vendor/laravel/framework/src/Illuminate/Pipeline/Pipeline.php(183): Illuminate\\Foundation\\Http\\Middleware\\ConvertEmptyStringsToNull->handle()
#52 /home/mathias/Escritorio/Archivos/Project SentinelOps/vendor/laravel/framework/src/Illuminate/Foundation/Http/Middleware/TransformsRequest.php(21): Illuminate\\Pipeline\\Pipeline->{closure:{closure:Illuminate\\Pipeline\\Pipeline::carry():158}:159}()
#53 /home/mathias/Escritorio/Archivos/Project SentinelOps/vendor/laravel/framework/src/Illuminate/Foundation/Http/Middleware/TrimStrings.php(40): Illuminate\\Foundation\\Http\\Middleware\\TransformsRequest->handle()
#54 /home/mathias/Escritorio/Archivos/Project SentinelOps/vendor/laravel/framework/src/Illuminate/Pipeline/Pipeline.php(183): Illuminate\\Foundation\\Http\\Middleware\\TrimStrings->handle()
#55 /home/mathias/Escritorio/Archivos/Project SentinelOps/vendor/laravel/framework/src/Illuminate/Foundation/Http/Middleware/ValidatePostSize.php(27): Illuminate\\Pipeline\\Pipeline->{closure:{closure:Illuminate\\Pipeline\\Pipeline::carry():158}:159}()
#56 /home/mathias/Escritorio/Archivos/Project SentinelOps/vendor/laravel/framework/src/Illuminate/Pipeline/Pipeline.php(183): Illuminate\\Foundation\\Http\\Middleware\\ValidatePostSize->handle()
#57 /home/mathias/Escritorio/Archivos/Project SentinelOps/vendor/laravel/framework/src/Illuminate/Foundation/Http/Middleware/PreventRequestsDuringMaintenance.php(99): Illuminate\\Pipeline\\Pipeline->{closure:{closure:Illuminate\\Pipeline\\Pipeline::carry():158}:159}()
#58 /home/mathias/Escritorio/Archivos/Project SentinelOps/vendor/laravel/framework/src/Illuminate/Pipeline/Pipeline.php(183): Illuminate\\Foundation\\Http\\Middleware\\PreventRequestsDuringMaintenance->handle()
#59 /home/mathias/Escritorio/Archivos/Project SentinelOps/vendor/laravel/framework/src/Illuminate/Http/Middleware/HandleCors.php(49): Illuminate\\Pipeline\\Pipeline->{closure:{closure:Illuminate\\Pipeline\\Pipeline::carry():158}:159}()
#60 /home/mathias/Escritorio/Archivos/Project SentinelOps/vendor/laravel/framework/src/Illuminate/Pipeline/Pipeline.php(183): Illuminate\\Http\\Middleware\\HandleCors->handle()
#61 /home/mathias/Escritorio/Archivos/Project SentinelOps/vendor/laravel/framework/src/Illuminate/Http/Middleware/TrustProxies.php(39): Illuminate\\Pipeline\\Pipeline->{closure:{closure:Illuminate\\Pipeline\\Pipeline::carry():158}:159}()
#62 /home/mathias/Escritorio/Archivos/Project SentinelOps/vendor/laravel/framework/src/Illuminate/Pipeline/Pipeline.php(183): Illuminate\\Http\\Middleware\\TrustProxies->handle()
#63 /home/mathias/Escritorio/Archivos/Project SentinelOps/vendor/laravel/framework/src/Illuminate/Pipeline/Pipeline.php(119): Illuminate\\Pipeline\\Pipeline->{closure:{closure:Illuminate\\Pipeline\\Pipeline::carry():158}:159}()
#64 /home/mathias/Escritorio/Archivos/Project SentinelOps/vendor/laravel/framework/src/Illuminate/Foundation/Http/Kernel.php(175): Illuminate\\Pipeline\\Pipeline->then()
#65 /home/mathias/Escritorio/Archivos/Project SentinelOps/vendor/laravel/framework/src/Illuminate/Foundation/Http/Kernel.php(144): Illuminate\\Foundation\\Http\\Kernel->sendRequestThroughRouter()
#66 /home/mathias/Escritorio/Archivos/Project SentinelOps/public/index.php(16): Illuminate\\Foundation\\Http\\Kernel->handle()
#67 /home/mathias/Escritorio/Archivos/Project SentinelOps/vendor/laravel/framework/src/Illuminate/Foundation/resources/server.php(16): require_once('...')
#68 {main}

[previous exception] [object] (Illuminate\\Database\\SQLiteDatabaseDoesNotExistException(code: 0): Database file at path [database/database.sqlite] does not exist. Ensure this is an absolute path to the database. at /home/mathias/Escritorio/Archivos/Project SentinelOps/vendor/laravel/framework/src/Illuminate/Database/Connectors/SQLiteConnector.php:34)
[stacktrace]
#0 /home/mathias/Escritorio/Archivos/Project SentinelOps/vendor/laravel/framework/src/Illuminate/Database/Connectors/ConnectionFactory.php(221): Illuminate\\Database\\Connectors\\SQLiteConnector->connect()
#1 [internal function]: Illuminate\\Database\\Connectors\\ConnectionFactory->{closure:Illuminate\\Database\\Connectors\\ConnectionFactory::createPdoResolverWithoutHosts():221}()
#2 /home/mathias/Escritorio/Archivos/Project SentinelOps/vendor/laravel/framework/src/Illuminate/Database/Connection.php(1339): call_user_func()
#3 /home/mathias/Escritorio/Archivos/Project SentinelOps/vendor/laravel/framework/src/Illuminate/Database/Connection.php(581): Illuminate\\Database\\Connection->getPdo()
#4 /home/mathias/Escritorio/Archivos/Project SentinelOps/vendor/laravel/framework/src/Illuminate/Database/Connection.php(816): Illuminate\\Database\\Connection->{closure:Illuminate\\Database\\Connection::statement():576}()
#5 /home/mathias/Escritorio/Archivos/Project SentinelOps/vendor/laravel/framework/src/Illuminate/Database/Connection.php(783): Illuminate\\Database\\Connection->runQueryCallback()
#6 /home/mathias/Escritorio/Archivos/Project SentinelOps/vendor/laravel/framework/src/Illuminate/Database/Connection.php(576): Illuminate\\Database\\Connection->run()
#7 /home/mathias/Escritorio/Archivos/Project SentinelOps/vendor/laravel/framework/src/Illuminate/Database/Schema/Builder.php(560): Illuminate\\Database\\Connection->statement()
#8 /home/mathias/Escritorio/Archivos/Project SentinelOps/vendor/laravel/framework/src/Illuminate/Database/SQLiteConnection.php(36): Illuminate\\Database\\Schema\\Builder->enableForeignKeyConstraints()
#9 /home/mathias/Escritorio/Archivos/Project SentinelOps/vendor/laravel/framework/src/Illuminate/Database/Connectors/ConnectionFactory.php(272): Illuminate\\Database\\SQLiteConnection->__construct()
#10 /home/mathias/Escritorio/Archivos/Project SentinelOps/vendor/laravel/framework/src/Illuminate/Database/Connectors/ConnectionFactory.php(75): Illuminate\\Database\\Connectors\\ConnectionFactory->createConnection()
#11 /home/mathias/Escritorio/Archivos/Project SentinelOps/vendor/laravel/framework/src/Illuminate/Database/Connectors/ConnectionFactory.php(50): Illuminate\\Database\\Connectors\\ConnectionFactory->createSingleConnection()
#12 /home/mathias/Escritorio/Archivos/Project SentinelOps/vendor/laravel/framework/src/Illuminate/Database/DatabaseManager.php(175): Illuminate\\Database\\Connectors\\ConnectionFactory->make()
#13 /home/mathias/Escritorio/Archivos/Project SentinelOps/vendor/laravel/framework/src/Illuminate/Database/DatabaseManager.php(101): Illuminate\\Database\\DatabaseManager->makeConnection()
#14 /home/mathias/Escritorio/Archivos/Project SentinelOps/vendor/laravel/framework/src/Illuminate/Database/Eloquent/Model.php(1820): Illuminate\\Database\\DatabaseManager->connection()
#15 /home/mathias/Escritorio/Archivos/Project SentinelOps/vendor/laravel/framework/src/Illuminate/Database/Eloquent/Model.php(1786): Illuminate\\Database\\Eloquent\\Model::resolveConnection()
#16 /home/mathias/Escritorio/Archivos/Project SentinelOps/vendor/laravel/framework/src/Illuminate/Database/Eloquent/Model.php(1577): Illuminate\\Database\\Eloquent\\Model->getConnection()
#17 /home/mathias/Escritorio/Archivos/Project SentinelOps/vendor/laravel/framework/src/Illuminate/Database/Eloquent/Model.php(1496): Illuminate\\Database\\Eloquent\\Model->newBaseQueryBuilder()
#18 /home/mathias/Escritorio/Archivos/Project SentinelOps/vendor/laravel/framework/src/Illuminate/Database/Eloquent/Model.php(1532): Illuminate\\Database\\Eloquent\\Model->newModelQuery()
#19 /home/mathias/Escritorio/Archivos/Project SentinelOps/vendor/laravel/framework/src/Illuminate/Database/Eloquent/Model.php(1485): Illuminate\\Database\\Eloquent\\Model->newQueryWithoutScopes()
#20 /home/mathias/Escritorio/Archivos/Project SentinelOps/vendor/laravel/framework/src/Illuminate/Auth/EloquentUserProvider.php(167): Illuminate\\Database\\Eloquent\\Model->newQuery()
#21 /home/mathias/Escritorio/Archivos/Project SentinelOps/vendor/laravel/framework/src/Illuminate/Auth/EloquentUserProvider.php(127): Illuminate\\Auth\\EloquentUserProvider->newModelQuery()
#22 /home/mathias/Escritorio/Archivos/Project SentinelOps/vendor/laravel/framework/src/Illuminate/Auth/SessionGuard.php(381): Illuminate\\Auth\\EloquentUserProvider->retrieveByCredentials()
#23 /home/mathias/Escritorio/Archivos/Project SentinelOps/vendor/laravel/framework/src/Illuminate/Auth/AuthManager.php(340): Illuminate\\Auth\\SessionGuard->attempt()
#24 /home/mathias/Escritorio/Archivos/Project SentinelOps/vendor/laravel/framework/src/Illuminate/Support/Facades/Facade.php(355): Illuminate\\Auth\\AuthManager->__call()
#25 /home/mathias/Escritorio/Archivos/Project SentinelOps/app/Http/Controllers/Web/AuthController.php(24): Illuminate\\Support\\Facades\\Facade::__callStatic()
#26 /home/mathias/Escritorio/Archivos/Project SentinelOps/vendor/laravel/framework/src/Illuminate/Routing/Controller.php(54): App\\Http\\Controllers\\Web\\AuthController->login()
#27 /home/mathias/Escritorio/Archivos/Project SentinelOps/vendor/laravel/framework/src/Illuminate/Routing/ControllerDispatcher.php(43): Illuminate\\Routing\\Controller->callAction()
#28 /home/mathias/Escritorio/Archivos/Project SentinelOps/vendor/laravel/framework/src/Illuminate/Routing/Route.php(259): Illuminate\\Routing\\ControllerDispatcher->dispatch()
#29 /home/mathias/Escritorio/Archivos/Project SentinelOps/vendor/laravel/framework/src/Illuminate/Routing/Route.php(205): Illuminate\\Routing\\Route->runController()
#30 /home/mathias/Escritorio/Archivos/Project SentinelOps/vendor/laravel/framework/src/Illuminate/Routing/Router.php(806): Illuminate\\Routing\\Route->run()
#31 /home/mathias/Escritorio/Archivos/Project SentinelOps/vendor/laravel/framework/src/Illuminate/Pipeline/Pipeline.php(144): Illuminate\\Routing\\Router->{closure:Illuminate\\Routing\\Router::runRouteWithinStack():805}()
#32 /home/mathias/Escritorio/Archivos/Project SentinelOps/app/Http/Middleware/RedirectIfAuthenticated.php(28): Illuminate\\Pipeline\\Pipeline->{closure:Illuminate\\Pipeline\\Pipeline::prepareDestination():142}()
#33 /home/mathias/Escritorio/Archivos/Project SentinelOps/vendor/laravel/framework/src/Illuminate/Pipeline/Pipeline.php(183): App\\Http\\Middleware\\RedirectIfAuthenticated->handle()
#34 /home/mathias/Escritorio/Archivos/Project SentinelOps/vendor/laravel/framework/src/Illuminate/Routing/Middleware/SubstituteBindings.php(50): Illuminate\\Pipeline\\Pipeline->{closure:{closure:Illuminate\\Pipeline\\Pipeline::carry():158}:159}()
#35 /home/mathias/Escritorio/Archivos/Project SentinelOps/vendor/laravel/framework/src/Illuminate/Pipeline/Pipeline.php(183): Illuminate\\Routing\\Middleware\\SubstituteBindings->handle()
#36 /home/mathias/Escritorio/Archivos/Project SentinelOps/vendor/laravel/framework/src/Illuminate/Foundation/Http/Middleware/VerifyCsrfToken.php(78): Illuminate\\Pipeline\\Pipeline->{closure:{closure:Illuminate\\Pipeline\\Pipeline::carry():158}:159}()
#37 /home/mathias/Escritorio/Archivos/Project SentinelOps/vendor/laravel/framework/src/Illuminate/Pipeline/Pipeline.php(183): Illuminate\\Foundation\\Http\\Middleware\\VerifyCsrfToken->handle()
#38 /home/mathias/Escritorio/Archivos/Project SentinelOps/vendor/laravel/framework/src/Illuminate/View/Middleware/ShareErrorsFromSession.php(49): Illuminate\\Pipeline\\Pipeline->{closure:{closure:Illuminate\\Pipeline\\Pipeline::carry():158}:159}()
#39 /home/mathias/Escritorio/Archivos/Project SentinelOps/vendor/laravel/framework/src/Illuminate/Pipeline/Pipeline.php(183): Illuminate\\View\\Middleware\\ShareErrorsFromSession->handle()
#40 /home/mathias/Escritorio/Archivos/Project SentinelOps/vendor/laravel/framework/src/Illuminate/Session/Middleware/StartSession.php(121): Illuminate\\Pipeline\\Pipeline->{closure:{closure:Illuminate\\Pipeline\\Pipeline::carry():158}:159}()
#41 /home/mathias/Escritorio/Archivos/Project SentinelOps/vendor/laravel/framework/src/Illuminate/Session/Middleware/StartSession.php(64): Illuminate\\Session\\Middleware\\StartSession->handleStatefulRequest()
#42 /home/mathias/Escritorio/Archivos/Project SentinelOps/vendor/laravel/framework/src/Illuminate/Pipeline/Pipeline.php(183): Illuminate\\Session\\Middleware\\StartSession->handle()
#43 /home/mathias/Escritorio/Archivos/Project SentinelOps/vendor/laravel/framework/src/Illuminate/Cookie/Middleware/AddQueuedCookiesToResponse.php(37): Illuminate\\Pipeline\\Pipeline->{closure:{closure:Illuminate\\Pipeline\\Pipeline::carry():158}:159}()
#44 /home/mathias/Escritorio/Archivos/Project SentinelOps/vendor/laravel/framework/src/Illuminate/Pipeline/Pipeline.php(183): Illuminate\\Cookie\\Middleware\\AddQueuedCookiesToResponse->handle()
#45 /home/mathias/Escritorio/Archivos/Project SentinelOps/vendor/laravel/framework/src/Illuminate/Cookie/Middleware/EncryptCookies.php(67): Illuminate\\Pipeline\\Pipeline->{closure:{closure:Illuminate\\Pipeline\\Pipeline::carry():158}:159}()
#46 /home/mathias/Escritorio/Archivos/Project SentinelOps/vendor/laravel/framework/src/Illuminate/Pipeline/Pipeline.php(183): Illuminate\\Cookie\\Middleware\\EncryptCookies->handle()
#47 /home/mathias/Escritorio/Archivos/Project SentinelOps/vendor/laravel/framework/src/Illuminate/Pipeline/Pipeline.php(119): Illuminate\\Pipeline\\Pipeline->{closure:{closure:Illuminate\\Pipeline\\Pipeline::carry():158}:159}()
#48 /home/mathias/Escritorio/Archivos/Project SentinelOps/vendor/laravel/framework/src/Illuminate/Routing/Router.php(805): Illuminate\\Pipeline\\Pipeline->then()
#49 /home/mathias/Escritorio/Archivos/Project SentinelOps/vendor/laravel/framework/src/Illuminate/Routing/Router.php(784): Illuminate\\Routing\\Router->runRouteWithinStack()
#50 /home/mathias/Escritorio/Archivos/Project SentinelOps/vendor/laravel/framework/src/Illuminate/Routing/Router.php(748): Illuminate\\Routing\\Router->runRoute()
#51 /home/mathias/Escritorio/Archivos/Project SentinelOps/vendor/laravel/framework/src/Illuminate/Routing/Router.php(737): Illuminate\\Routing\\Router->dispatchToRoute()
#52 /home/mathias/Escritorio/Archivos/Project SentinelOps/vendor/laravel/framework/src/Illuminate/Foundation/Http/Kernel.php(200): Illuminate\\Routing\\Router->dispatch()
#53 /home/mathias/Escritorio/Archivos/Project SentinelOps/vendor/laravel/framework/src/Illuminate/Pipeline/Pipeline.php(144): Illuminate\\Foundation\\Http\\Kernel->{closure:Illuminate\\Foundation\\Http\\Kernel::dispatchToRouter():197}()
#54 /home/mathias/Escritorio/Archivos/Project SentinelOps/vendor/laravel/framework/src/Illuminate/Foundation/Http/Middleware/TransformsRequest.php(21): Illuminate\\Pipeline\\Pipeline->{closure:Illuminate\\Pipeline\\Pipeline::prepareDestination():142}()
#55 /home/mathias/Escritorio/Archivos/Project SentinelOps/vendor/laravel/framework/src/Illuminate/Foundation/Http/Middleware/ConvertEmptyStringsToNull.php(31): Illuminate\\Foundation\\Http\\Middleware\\TransformsRequest->handle()
#56 /home/mathias/Escritorio/Archivos/Project SentinelOps/vendor/laravel/framework/src/Illuminate/Pipeline/Pipeline.php(183): Illuminate\\Foundation\\Http\\Middleware\\ConvertEmptyStringsToNull->handle()
#57 /home/mathias/Escritorio/Archivos/Project SentinelOps/vendor/laravel/framework/src/Illuminate/Foundation/Http/Middleware/TransformsRequest.php(21): Illuminate\\Pipeline\\Pipeline->{closure:{closure:Illuminate\\Pipeline\\Pipeline::carry():158}:159}()
#58 /home/mathias/Escritorio/Archivos/Project SentinelOps/vendor/laravel/framework/src/Illuminate/Foundation/Http/Middleware/TrimStrings.php(40): Illuminate\\Foundation\\Http\\Middleware\\TransformsRequest->handle()
#59 /home/mathias/Escritorio/Archivos/Project SentinelOps/vendor/laravel/framework/src/Illuminate/Pipeline/Pipeline.php(183): Illuminate\\Foundation\\Http\\Middleware\\TrimStrings->handle()
#60 /home/mathias/Escritorio/Archivos/Project SentinelOps/vendor/laravel/framework/src/Illuminate/Foundation/Http/Middleware/ValidatePostSize.php(27): Illuminate\\Pipeline\\Pipeline->{closure:{closure:Illuminate\\Pipeline\\Pipeline::carry():158}:159}()
#61 /home/mathias/Escritorio/Archivos/Project SentinelOps/vendor/laravel/framework/src/Illuminate/Pipeline/Pipeline.php(183): Illuminate\\Foundation\\Http\\Middleware\\ValidatePostSize->handle()
#62 /home/mathias/Escritorio/Archivos/Project SentinelOps/vendor/laravel/framework/src/Illuminate/Foundation/Http/Middleware/PreventRequestsDuringMaintenance.php(99): Illuminate\\Pipeline\\Pipeline->{closure:{closure:Illuminate\\Pipeline\\Pipeline::carry():158}:159}()
#63 /home/mathias/Escritorio/Archivos/Project SentinelOps/vendor/laravel/framework/src/Illuminate/Pipeline/Pipeline.php(183): Illuminate\\Foundation\\Http\\Middleware\\PreventRequestsDuringMaintenance->handle()
#64 /home/mathias/Escritorio/Archivos/Project SentinelOps/vendor/laravel/framework/src/Illuminate/Http/Middleware/HandleCors.php(49): Illuminate\\Pipeline\\Pipeline->{closure:{closure:Illuminate\\Pipeline\\Pipeline::carry():158}:159}()
#65 /home/mathias/Escritorio/Archivos/Project SentinelOps/vendor/laravel/framework/src/Illuminate/Pipeline/Pipeline.php(183): Illuminate\\Http\\Middleware\\HandleCors->handle()
#66 /home/mathias/Escritorio/Archivos/Project SentinelOps/vendor/laravel/framework/src/Illuminate/Http/Middleware/TrustProxies.php(39): Illuminate\\Pipeline\\Pipeline->{closure:{closure:Illuminate\\Pipeline\\Pipeline::carry():158}:159}()
#67 /home/mathias/Escritorio/Archivos/Project SentinelOps/vendor/laravel/framework/src/Illuminate/Pipeline/Pipeline.php(183): Illuminate\\Http\\Middleware\\TrustProxies->handle()
#68 /home/mathias/Escritorio/Archivos/Project SentinelOps/vendor/laravel/framework/src/Illuminate/Pipeline/Pipeline.php(119): Illuminate\\Pipeline\\Pipeline->{closure:{closure:Illuminate\\Pipeline\\Pipeline::carry():158}:159}()
#69 /home/mathias/Escritorio/Archivos/Project SentinelOps/vendor/laravel/framework/src/Illuminate/Foundation/Http/Kernel.php(175): Illuminate\\Pipeline\\Pipeline->then()
#70 /home/mathias/Escritorio/Archivos/Project SentinelOps/vendor/laravel/framework/src/Illuminate/Foundation/Http/Kernel.php(144): Illuminate\\Foundation\\Http\\Kernel->sendRequestThroughRouter()
#71 /home/mathias/Escritorio/Archivos/Project SentinelOps/public/index.php(16): Illuminate\\Foundation\\Http\\Kernel->handle()
#72 /home/mathias/Escritorio/Archivos/Project SentinelOps/vendor/laravel/framework/src/Illuminate/Foundation/resources/server.php(16): require_once('...')
#73 {main}
"} 
[2026-05-26 22:51:11] production.ERROR: No application encryption key has been specified. {"exception":"[object] (Illuminate\\Encryption\\MissingAppKeyException(code: 0): No application encryption key has been specified. at /home/mathias/Escritorio/Archivos/SentinelOps/vendor/laravel/framework/src/Illuminate/Encryption/EncryptionServiceProvider.php:79)
[stacktrace]
#0 /home/mathias/Escritorio/Archivos/SentinelOps/vendor/laravel/framework/src/Illuminate/Support/helpers.php(320): Illuminate\\Encryption\\EncryptionServiceProvider->{closure:Illuminate\\Encryption\\EncryptionServiceProvider::key():77}()
#1 /home/mathias/Escritorio/Archivos/SentinelOps/vendor/laravel/framework/src/Illuminate/Encryption/EncryptionServiceProvider.php(77): tap()
#2 /home/mathias/Escritorio/Archivos/SentinelOps/vendor/laravel/framework/src/Illuminate/Encryption/EncryptionServiceProvider.php(60): Illuminate\\Encryption\\EncryptionServiceProvider->key()
#3 /home/mathias/Escritorio/Archivos/SentinelOps/vendor/laravel/framework/src/Illuminate/Encryption/EncryptionServiceProvider.php(32): Illuminate\\Encryption\\EncryptionServiceProvider->parseKey()
#4 /home/mathias/Escritorio/Archivos/SentinelOps/vendor/laravel/framework/src/Illuminate/Container/Container.php(908): Illuminate\\Encryption\\EncryptionServiceProvider->{closure:Illuminate\\Encryption\\EncryptionServiceProvider::registerEncrypter():29}()
#5 /home/mathias/Escritorio/Archivos/SentinelOps/vendor/laravel/framework/src/Illuminate/Container/Container.php(795): Illuminate\\Container\\Container->build()
#6 /home/mathias/Escritorio/Archivos/SentinelOps/vendor/laravel/framework/src/Illuminate/Foundation/Application.php(986): Illuminate\\Container\\Container->resolve()
#7 /home/mathias/Escritorio/Archivos/SentinelOps/vendor/laravel/framework/src/Illuminate/Container/Container.php(731): Illuminate\\Foundation\\Application->resolve()
#8 /home/mathias/Escritorio/Archivos/SentinelOps/vendor/laravel/framework/src/Illuminate/Foundation/Application.php(971): Illuminate\\Container\\Container->make()
#9 /home/mathias/Escritorio/Archivos/SentinelOps/vendor/laravel/framework/src/Illuminate/Container/Container.php(1066): Illuminate\\Foundation\\Application->make()
#10 /home/mathias/Escritorio/Archivos/SentinelOps/vendor/laravel/framework/src/Illuminate/Container/Container.php(982): Illuminate\\Container\\Container->resolveClass()
#11 /home/mathias/Escritorio/Archivos/SentinelOps/vendor/laravel/framework/src/Illuminate/Container/Container.php(943): Illuminate\\Container\\Container->resolveDependencies()
#12 /home/mathias/Escritorio/Archivos/SentinelOps/vendor/laravel/framework/src/Illuminate/Container/Container.php(795): Illuminate\\Container\\Container->build()
#13 /home/mathias/Escritorio/Archivos/SentinelOps/vendor/laravel/framework/src/Illuminate/Foundation/Application.php(986): Illuminate\\Container\\Container->resolve()
#14 /home/mathias/Escritorio/Archivos/SentinelOps/vendor/laravel/framework/src/Illuminate/Container/Container.php(731): Illuminate\\Foundation\\Application->resolve()
#15 /home/mathias/Escritorio/Archivos/SentinelOps/vendor/laravel/framework/src/Illuminate/Foundation/Application.php(971): Illuminate\\Container\\Container->make()
#16 /home/mathias/Escritorio/Archivos/SentinelOps/vendor/laravel/framework/src/Illuminate/Pipeline/Pipeline.php(172): Illuminate\\Foundation\\Application->make()
#17 /home/mathias/Escritorio/Archivos/SentinelOps/vendor/laravel/framework/src/Illuminate/Pipeline/Pipeline.php(119): Illuminate\\Pipeline\\Pipeline->{closure:{closure:Illuminate\\Pipeline\\Pipeline::carry():158}:159}()
#18 /home/mathias/Escritorio/Archivos/SentinelOps/vendor/laravel/framework/src/Illuminate/Routing/Router.php(805): Illuminate\\Pipeline\\Pipeline->then()
#19 /home/mathias/Escritorio/Archivos/SentinelOps/vendor/laravel/framework/src/Illuminate/Routing/Router.php(784): Illuminate\\Routing\\Router->runRouteWithinStack()
#20 /home/mathias/Escritorio/Archivos/SentinelOps/vendor/laravel/framework/src/Illuminate/Routing/Router.php(748): Illuminate\\Routing\\Router->runRoute()
#21 /home/mathias/Escritorio/Archivos/SentinelOps/vendor/laravel/framework/src/Illuminate/Routing/Router.php(737): Illuminate\\Routing\\Router->dispatchToRoute()
#22 /home/mathias/Escritorio/Archivos/SentinelOps/vendor/laravel/framework/src/Illuminate/Foundation/Http/Kernel.php(200): Illuminate\\Routing\\Router->dispatch()
#23 /home/mathias/Escritorio/Archivos/SentinelOps/vendor/laravel/framework/src/Illuminate/Pipeline/Pipeline.php(144): Illuminate\\Foundation\\Http\\Kernel->{closure:Illuminate\\Foundation\\Http\\Kernel::dispatchToRouter():197}()
#24 /home/mathias/Escritorio/Archivos/SentinelOps/vendor/laravel/framework/src/Illuminate/Foundation/Http/Middleware/TransformsRequest.php(21): Illuminate\\Pipeline\\Pipeline->{closure:Illuminate\\Pipeline\\Pipeline::prepareDestination():142}()
#25 /home/mathias/Escritorio/Archivos/SentinelOps/vendor/laravel/framework/src/Illuminate/Foundation/Http/Middleware/ConvertEmptyStringsToNull.php(31): Illuminate\\Foundation\\Http\\Middleware\\TransformsRequest->handle()
#26 /home/mathias/Escritorio/Archivos/SentinelOps/vendor/laravel/framework/src/Illuminate/Pipeline/Pipeline.php(183): Illuminate\\Foundation\\Http\\Middleware\\ConvertEmptyStringsToNull->handle()
#27 /home/mathias/Escritorio/Archivos/SentinelOps/vendor/laravel/framework/src/Illuminate/Foundation/Http/Middleware/TransformsRequest.php(21): Illuminate\\Pipeline\\Pipeline->{closure:{closure:Illuminate\\Pipeline\\Pipeline::carry():158}:159}()
#28 /home/mathias/Escritorio/Archivos/SentinelOps/vendor/laravel/framework/src/Illuminate/Foundation/Http/Middleware/TrimStrings.php(40): Illuminate\\Foundation\\Http\\Middleware\\TransformsRequest->handle()
#29 /home/mathias/Escritorio/Archivos/SentinelOps/vendor/laravel/framework/src/Illuminate/Pipeline/Pipeline.php(183): Illuminate\\Foundation\\Http\\Middleware\\TrimStrings->handle()
#30 /home/mathias/Escritorio/Archivos/SentinelOps/vendor/laravel/framework/src/Illuminate/Foundation/Http/Middleware/ValidatePostSize.php(27): Illuminate\\Pipeline\\Pipeline->{closure:{closure:Illuminate\\Pipeline\\Pipeline::carry():158}:159}()
#31 /home/mathias/Escritorio/Archivos/SentinelOps/vendor/laravel/framework/src/Illuminate/Pipeline/Pipeline.php(183): Illuminate\\Foundation\\Http\\Middleware\\ValidatePostSize->handle()
#32 /home/mathias/Escritorio/Archivos/SentinelOps/vendor/laravel/framework/src/Illuminate/Foundation/Http/Middleware/PreventRequestsDuringMaintenance.php(99): Illuminate\\Pipeline\\Pipeline->{closure:{closure:Illuminate\\Pipeline\\Pipeline::carry():158}:159}()
#33 /home/mathias/Escritorio/Archivos/SentinelOps/vendor/laravel/framework/src/Illuminate/Pipeline/Pipeline.php(183): Illuminate\\Foundation\\Http\\Middleware\\PreventRequestsDuringMaintenance->handle()
#34 /home/mathias/Escritorio/Archivos/SentinelOps/vendor/laravel/framework/src/Illuminate/Http/Middleware/HandleCors.php(49): Illuminate\\Pipeline\\Pipeline->{closure:{closure:Illuminate\\Pipeline\\Pipeline::carry():158}:159}()
#35 /home/mathias/Escritorio/Archivos/SentinelOps/vendor/laravel/framework/src/Illuminate/Pipeline/Pipeline.php(183): Illuminate\\Http\\Middleware\\HandleCors->handle()
#36 /home/mathias/Escritorio/Archivos/SentinelOps/vendor/laravel/framework/src/Illuminate/Http/Middleware/TrustProxies.php(39): Illuminate\\Pipeline\\Pipeline->{closure:{closure:Illuminate\\Pipeline\\Pipeline::carry():158}:159}()
#37 /home/mathias/Escritorio/Archivos/SentinelOps/vendor/laravel/framework/src/Illuminate/Pipeline/Pipeline.php(183): Illuminate\\Http\\Middleware\\TrustProxies->handle()
#38 /home/mathias/Escritorio/Archivos/SentinelOps/vendor/laravel/framework/src/Illuminate/Pipeline/Pipeline.php(119): Illuminate\\Pipeline\\Pipeline->{closure:{closure:Illuminate\\Pipeline\\Pipeline::carry():158}:159}()
#39 /home/mathias/Escritorio/Archivos/SentinelOps/vendor/laravel/framework/src/Illuminate/Foundation/Http/Kernel.php(175): Illuminate\\Pipeline\\Pipeline->then()
#40 /home/mathias/Escritorio/Archivos/SentinelOps/vendor/laravel/framework/src/Illuminate/Foundation/Http/Kernel.php(144): Illuminate\\Foundation\\Http\\Kernel->sendRequestThroughRouter()
#41 /home/mathias/Escritorio/Archivos/SentinelOps/public/index.php(16): Illuminate\\Foundation\\Http\\Kernel->handle()
#42 /home/mathias/Escritorio/Archivos/SentinelOps/vendor/laravel/framework/src/Illuminate/Foundation/resources/server.php(16): require_once('...')
#43 {main}
"} 
[2026-05-26 22:51:11] production.ERROR: No application encryption key has been specified. {"exception":"[object] (Illuminate\\Encryption\\MissingAppKeyException(code: 0): No application encryption key has been specified. at /home/mathias/Escritorio/Archivos/SentinelOps/vendor/laravel/framework/src/Illuminate/Encryption/EncryptionServiceProvider.php:79)
[stacktrace]
#0 /home/mathias/Escritorio/Archivos/SentinelOps/vendor/laravel/framework/src/Illuminate/Support/helpers.php(320): Illuminate\\Encryption\\EncryptionServiceProvider->{closure:Illuminate\\Encryption\\EncryptionServiceProvider::key():77}()
#1 /home/mathias/Escritorio/Archivos/SentinelOps/vendor/laravel/framework/src/Illuminate/Encryption/EncryptionServiceProvider.php(77): tap()
#2 /home/mathias/Escritorio/Archivos/SentinelOps/vendor/laravel/framework/src/Illuminate/Encryption/EncryptionServiceProvider.php(60): Illuminate\\Encryption\\EncryptionServiceProvider->key()
#3 /home/mathias/Escritorio/Archivos/SentinelOps/vendor/laravel/framework/src/Illuminate/Encryption/EncryptionServiceProvider.php(32): Illuminate\\Encryption\\EncryptionServiceProvider->parseKey()
#4 /home/mathias/Escritorio/Archivos/SentinelOps/vendor/laravel/framework/src/Illuminate/Container/Container.php(908): Illuminate\\Encryption\\EncryptionServiceProvider->{closure:Illuminate\\Encryption\\EncryptionServiceProvider::registerEncrypter():29}()
#5 /home/mathias/Escritorio/Archivos/SentinelOps/vendor/laravel/framework/src/Illuminate/Container/Container.php(795): Illuminate\\Container\\Container->build()
#6 /home/mathias/Escritorio/Archivos/SentinelOps/vendor/laravel/framework/src/Illuminate/Foundation/Application.php(986): Illuminate\\Container\\Container->resolve()
#7 /home/mathias/Escritorio/Archivos/SentinelOps/vendor/laravel/framework/src/Illuminate/Container/Container.php(731): Illuminate\\Foundation\\Application->resolve()
#8 /home/mathias/Escritorio/Archivos/SentinelOps/vendor/laravel/framework/src/Illuminate/Foundation/Application.php(971): Illuminate\\Container\\Container->make()
#9 /home/mathias/Escritorio/Archivos/SentinelOps/vendor/laravel/framework/src/Illuminate/Container/Container.php(1066): Illuminate\\Foundation\\Application->make()
#10 /home/mathias/Escritorio/Archivos/SentinelOps/vendor/laravel/framework/src/Illuminate/Container/Container.php(982): Illuminate\\Container\\Container->resolveClass()
#11 /home/mathias/Escritorio/Archivos/SentinelOps/vendor/laravel/framework/src/Illuminate/Container/Container.php(943): Illuminate\\Container\\Container->resolveDependencies()
#12 /home/mathias/Escritorio/Archivos/SentinelOps/vendor/laravel/framework/src/Illuminate/Container/Container.php(795): Illuminate\\Container\\Container->build()
#13 /home/mathias/Escritorio/Archivos/SentinelOps/vendor/laravel/framework/src/Illuminate/Foundation/Application.php(986): Illuminate\\Container\\Container->resolve()
#14 /home/mathias/Escritorio/Archivos/SentinelOps/vendor/laravel/framework/src/Illuminate/Container/Container.php(731): Illuminate\\Foundation\\Application->resolve()
#15 /home/mathias/Escritorio/Archivos/SentinelOps/vendor/laravel/framework/src/Illuminate/Foundation/Application.php(971): Illuminate\\Container\\Container->make()
#16 /home/mathias/Escritorio/Archivos/SentinelOps/vendor/laravel/framework/src/Illuminate/Foundation/Http/Kernel.php(255): Illuminate\\Foundation\\Application->make()
#17 /home/mathias/Escritorio/Archivos/SentinelOps/vendor/laravel/framework/src/Illuminate/Foundation/Http/Kernel.php(213): Illuminate\\Foundation\\Http\\Kernel->terminateMiddleware()
#18 /home/mathias/Escritorio/Archivos/SentinelOps/public/index.php(22): Illuminate\\Foundation\\Http\\Kernel->terminate()
#19 /home/mathias/Escritorio/Archivos/SentinelOps/vendor/laravel/framework/src/Illuminate/Foundation/resources/server.php(16): require_once('...')
#20 {main}
"} 
[2026-05-26 22:51:54] production.ERROR: No application encryption key has been specified. {"exception":"[object] (Illuminate\\Encryption\\MissingAppKeyException(code: 0): No application encryption key has been specified. at /home/mathias/Escritorio/Archivos/SentinelOps/vendor/laravel/framework/src/Illuminate/Encryption/EncryptionServiceProvider.php:79)
[stacktrace]
#0 /home/mathias/Escritorio/Archivos/SentinelOps/vendor/laravel/framework/src/Illuminate/Support/helpers.php(320): Illuminate\\Encryption\\EncryptionServiceProvider->{closure:Illuminate\\Encryption\\EncryptionServiceProvider::key():77}()
#1 /home/mathias/Escritorio/Archivos/SentinelOps/vendor/laravel/framework/src/Illuminate/Encryption/EncryptionServiceProvider.php(77): tap()
#2 /home/mathias/Escritorio/Archivos/SentinelOps/vendor/laravel/framework/src/Illuminate/Encryption/EncryptionServiceProvider.php(60): Illuminate\\Encryption\\EncryptionServiceProvider->key()
#3 /home/mathias/Escritorio/Archivos/SentinelOps/vendor/laravel/framework/src/Illuminate/Encryption/EncryptionServiceProvider.php(32): Illuminate\\Encryption\\EncryptionServiceProvider->parseKey()
#4 /home/mathias/Escritorio/Archivos/SentinelOps/vendor/laravel/framework/src/Illuminate/Container/Container.php(908): Illuminate\\Encryption\\EncryptionServiceProvider->{closure:Illuminate\\Encryption\\EncryptionServiceProvider::registerEncrypter():29}()
#5 /home/mathias/Escritorio/Archivos/SentinelOps/vendor/laravel/framework/src/Illuminate/Container/Container.php(795): Illuminate\\Container\\Container->build()
#6 /home/mathias/Escritorio/Archivos/SentinelOps/vendor/laravel/framework/src/Illuminate/Foundation/Application.php(986): Illuminate\\Container\\Container->resolve()
#7 /home/mathias/Escritorio/Archivos/SentinelOps/vendor/laravel/framework/src/Illuminate/Container/Container.php(731): Illuminate\\Foundation\\Application->resolve()
#8 /home/mathias/Escritorio/Archivos/SentinelOps/vendor/laravel/framework/src/Illuminate/Foundation/Application.php(971): Illuminate\\Container\\Container->make()
#9 /home/mathias/Escritorio/Archivos/SentinelOps/vendor/laravel/framework/src/Illuminate/Container/Container.php(1066): Illuminate\\Foundation\\Application->make()
#10 /home/mathias/Escritorio/Archivos/SentinelOps/vendor/laravel/framework/src/Illuminate/Container/Container.php(982): Illuminate\\Container\\Container->resolveClass()
#11 /home/mathias/Escritorio/Archivos/SentinelOps/vendor/laravel/framework/src/Illuminate/Container/Container.php(943): Illuminate\\Container\\Container->resolveDependencies()
#12 /home/mathias/Escritorio/Archivos/SentinelOps/vendor/laravel/framework/src/Illuminate/Container/Container.php(795): Illuminate\\Container\\Container->build()
#13 /home/mathias/Escritorio/Archivos/SentinelOps/vendor/laravel/framework/src/Illuminate/Foundation/Application.php(986): Illuminate\\Container\\Container->resolve()
#14 /home/mathias/Escritorio/Archivos/SentinelOps/vendor/laravel/framework/src/Illuminate/Container/Container.php(731): Illuminate\\Foundation\\Application->resolve()
#15 /home/mathias/Escritorio/Archivos/SentinelOps/vendor/laravel/framework/src/Illuminate/Foundation/Application.php(971): Illuminate\\Container\\Container->make()
#16 /home/mathias/Escritorio/Archivos/SentinelOps/vendor/laravel/framework/src/Illuminate/Pipeline/Pipeline.php(172): Illuminate\\Foundation\\Application->make()
#17 /home/mathias/Escritorio/Archivos/SentinelOps/vendor/laravel/framework/src/Illuminate/Pipeline/Pipeline.php(119): Illuminate\\Pipeline\\Pipeline->{closure:{closure:Illuminate\\Pipeline\\Pipeline::carry():158}:159}()
#18 /home/mathias/Escritorio/Archivos/SentinelOps/vendor/laravel/framework/src/Illuminate/Routing/Router.php(805): Illuminate\\Pipeline\\Pipeline->then()
#19 /home/mathias/Escritorio/Archivos/SentinelOps/vendor/laravel/framework/src/Illuminate/Routing/Router.php(784): Illuminate\\Routing\\Router->runRouteWithinStack()
#20 /home/mathias/Escritorio/Archivos/SentinelOps/vendor/laravel/framework/src/Illuminate/Routing/Router.php(748): Illuminate\\Routing\\Router->runRoute()
#21 /home/mathias/Escritorio/Archivos/SentinelOps/vendor/laravel/framework/src/Illuminate/Routing/Router.php(737): Illuminate\\Routing\\Router->dispatchToRoute()
#22 /home/mathias/Escritorio/Archivos/SentinelOps/vendor/laravel/framework/src/Illuminate/Foundation/Http/Kernel.php(200): Illuminate\\Routing\\Router->dispatch()
#23 /home/mathias/Escritorio/Archivos/SentinelOps/vendor/laravel/framework/src/Illuminate/Pipeline/Pipeline.php(144): Illuminate\\Foundation\\Http\\Kernel->{closure:Illuminate\\Foundation\\Http\\Kernel::dispatchToRouter():197}()
#24 /home/mathias/Escritorio/Archivos/SentinelOps/vendor/laravel/framework/src/Illuminate/Foundation/Http/Middleware/TransformsRequest.php(21): Illuminate\\Pipeline\\Pipeline->{closure:Illuminate\\Pipeline\\Pipeline::prepareDestination():142}()
#25 /home/mathias/Escritorio/Archivos/SentinelOps/vendor/laravel/framework/src/Illuminate/Foundation/Http/Middleware/ConvertEmptyStringsToNull.php(31): Illuminate\\Foundation\\Http\\Middleware\\TransformsRequest->handle()
#26 /home/mathias/Escritorio/Archivos/SentinelOps/vendor/laravel/framework/src/Illuminate/Pipeline/Pipeline.php(183): Illuminate\\Foundation\\Http\\Middleware\\ConvertEmptyStringsToNull->handle()
#27 /home/mathias/Escritorio/Archivos/SentinelOps/vendor/laravel/framework/src/Illuminate/Foundation/Http/Middleware/TransformsRequest.php(21): Illuminate\\Pipeline\\Pipeline->{closure:{closure:Illuminate\\Pipeline\\Pipeline::carry():158}:159}()
#28 /home/mathias/Escritorio/Archivos/SentinelOps/vendor/laravel/framework/src/Illuminate/Foundation/Http/Middleware/TrimStrings.php(40): Illuminate\\Foundation\\Http\\Middleware\\TransformsRequest->handle()
#29 /home/mathias/Escritorio/Archivos/SentinelOps/vendor/laravel/framework/src/Illuminate/Pipeline/Pipeline.php(183): Illuminate\\Foundation\\Http\\Middleware\\TrimStrings->handle()
#30 /home/mathias/Escritorio/Archivos/SentinelOps/vendor/laravel/framework/src/Illuminate/Foundation/Http/Middleware/ValidatePostSize.php(27): Illuminate\\Pipeline\\Pipeline->{closure:{closure:Illuminate\\Pipeline\\Pipeline::carry():158}:159}()
#31 /home/mathias/Escritorio/Archivos/SentinelOps/vendor/laravel/framework/src/Illuminate/Pipeline/Pipeline.php(183): Illuminate\\Foundation\\Http\\Middleware\\ValidatePostSize->handle()
#32 /home/mathias/Escritorio/Archivos/SentinelOps/vendor/laravel/framework/src/Illuminate/Foundation/Http/Middleware/PreventRequestsDuringMaintenance.php(99): Illuminate\\Pipeline\\Pipeline->{closure:{closure:Illuminate\\Pipeline\\Pipeline::carry():158}:159}()
#33 /home/mathias/Escritorio/Archivos/SentinelOps/vendor/laravel/framework/src/Illuminate/Pipeline/Pipeline.php(183): Illuminate\\Foundation\\Http\\Middleware\\PreventRequestsDuringMaintenance->handle()
#34 /home/mathias/Escritorio/Archivos/SentinelOps/vendor/laravel/framework/src/Illuminate/Http/Middleware/HandleCors.php(49): Illuminate\\Pipeline\\Pipeline->{closure:{closure:Illuminate\\Pipeline\\Pipeline::carry():158}:159}()
#35 /home/mathias/Escritorio/Archivos/SentinelOps/vendor/laravel/framework/src/Illuminate/Pipeline/Pipeline.php(183): Illuminate\\Http\\Middleware\\HandleCors->handle()
#36 /home/mathias/Escritorio/Archivos/SentinelOps/vendor/laravel/framework/src/Illuminate/Http/Middleware/TrustProxies.php(39): Illuminate\\Pipeline\\Pipeline->{closure:{closure:Illuminate\\Pipeline\\Pipeline::carry():158}:159}()
#37 /home/mathias/Escritorio/Archivos/SentinelOps/vendor/laravel/framework/src/Illuminate/Pipeline/Pipeline.php(183): Illuminate\\Http\\Middleware\\TrustProxies->handle()
#38 /home/mathias/Escritorio/Archivos/SentinelOps/vendor/laravel/framework/src/Illuminate/Pipeline/Pipeline.php(119): Illuminate\\Pipeline\\Pipeline->{closure:{closure:Illuminate\\Pipeline\\Pipeline::carry():158}:159}()
#39 /home/mathias/Escritorio/Archivos/SentinelOps/vendor/laravel/framework/src/Illuminate/Foundation/Http/Kernel.php(175): Illuminate\\Pipeline\\Pipeline->then()
#40 /home/mathias/Escritorio/Archivos/SentinelOps/vendor/laravel/framework/src/Illuminate/Foundation/Http/Kernel.php(144): Illuminate\\Foundation\\Http\\Kernel->sendRequestThroughRouter()
#41 /home/mathias/Escritorio/Archivos/SentinelOps/public/index.php(16): Illuminate\\Foundation\\Http\\Kernel->handle()
#42 /home/mathias/Escritorio/Archivos/SentinelOps/vendor/laravel/framework/src/Illuminate/Foundation/resources/server.php(16): require_once('...')
#43 {main}
"} 
[2026-05-26 22:51:54] production.ERROR: No application encryption key has been specified. {"exception":"[object] (Illuminate\\Encryption\\MissingAppKeyException(code: 0): No application encryption key has been specified. at /home/mathias/Escritorio/Archivos/SentinelOps/vendor/laravel/framework/src/Illuminate/Encryption/EncryptionServiceProvider.php:79)
[stacktrace]
#0 /home/mathias/Escritorio/Archivos/SentinelOps/vendor/laravel/framework/src/Illuminate/Support/helpers.php(320): Illuminate\\Encryption\\EncryptionServiceProvider->{closure:Illuminate\\Encryption\\EncryptionServiceProvider::key():77}()
#1 /home/mathias/Escritorio/Archivos/SentinelOps/vendor/laravel/framework/src/Illuminate/Encryption/EncryptionServiceProvider.php(77): tap()
#2 /home/mathias/Escritorio/Archivos/SentinelOps/vendor/laravel/framework/src/Illuminate/Encryption/EncryptionServiceProvider.php(60): Illuminate\\Encryption\\EncryptionServiceProvider->key()
#3 /home/mathias/Escritorio/Archivos/SentinelOps/vendor/laravel/framework/src/Illuminate/Encryption/EncryptionServiceProvider.php(32): Illuminate\\Encryption\\EncryptionServiceProvider->parseKey()
#4 /home/mathias/Escritorio/Archivos/SentinelOps/vendor/laravel/framework/src/Illuminate/Container/Container.php(908): Illuminate\\Encryption\\EncryptionServiceProvider->{closure:Illuminate\\Encryption\\EncryptionServiceProvider::registerEncrypter():29}()
#5 /home/mathias/Escritorio/Archivos/SentinelOps/vendor/laravel/framework/src/Illuminate/Container/Container.php(795): Illuminate\\Container\\Container->build()
#6 /home/mathias/Escritorio/Archivos/SentinelOps/vendor/laravel/framework/src/Illuminate/Foundation/Application.php(986): Illuminate\\Container\\Container->resolve()
#7 /home/mathias/Escritorio/Archivos/SentinelOps/vendor/laravel/framework/src/Illuminate/Container/Container.php(731): Illuminate\\Foundation\\Application->resolve()
#8 /home/mathias/Escritorio/Archivos/SentinelOps/vendor/laravel/framework/src/Illuminate/Foundation/Application.php(971): Illuminate\\Container\\Container->make()
#9 /home/mathias/Escritorio/Archivos/SentinelOps/vendor/laravel/framework/src/Illuminate/Container/Container.php(1066): Illuminate\\Foundation\\Application->make()
#10 /home/mathias/Escritorio/Archivos/SentinelOps/vendor/laravel/framework/src/Illuminate/Container/Container.php(982): Illuminate\\Container\\Container->resolveClass()
#11 /home/mathias/Escritorio/Archivos/SentinelOps/vendor/laravel/framework/src/Illuminate/Container/Container.php(943): Illuminate\\Container\\Container->resolveDependencies()
#12 /home/mathias/Escritorio/Archivos/SentinelOps/vendor/laravel/framework/src/Illuminate/Container/Container.php(795): Illuminate\\Container\\Container->build()
#13 /home/mathias/Escritorio/Archivos/SentinelOps/vendor/laravel/framework/src/Illuminate/Foundation/Application.php(986): Illuminate\\Container\\Container->resolve()
#14 /home/mathias/Escritorio/Archivos/SentinelOps/vendor/laravel/framework/src/Illuminate/Container/Container.php(731): Illuminate\\Foundation\\Application->resolve()
#15 /home/mathias/Escritorio/Archivos/SentinelOps/vendor/laravel/framework/src/Illuminate/Foundation/Application.php(971): Illuminate\\Container\\Container->make()
#16 /home/mathias/Escritorio/Archivos/SentinelOps/vendor/laravel/framework/src/Illuminate/Foundation/Http/Kernel.php(255): Illuminate\\Foundation\\Application->make()
#17 /home/mathias/Escritorio/Archivos/SentinelOps/vendor/laravel/framework/src/Illuminate/Foundation/Http/Kernel.php(213): Illuminate\\Foundation\\Http\\Kernel->terminateMiddleware()
#18 /home/mathias/Escritorio/Archivos/SentinelOps/public/index.php(22): Illuminate\\Foundation\\Http\\Kernel->terminate()
#19 /home/mathias/Escritorio/Archivos/SentinelOps/vendor/laravel/framework/src/Illuminate/Foundation/resources/server.php(16): require_once('...')
#20 {main}
"} 
[2026-05-26 22:54:17] production.ERROR: file_get_contents(/home/mathias/Escritorio/Archivos/SentinelOps/.env): Failed to open stream: No such file or directory {"exception":"[object] (ErrorException(code: 0): file_get_contents(/home/mathias/Escritorio/Archivos/SentinelOps/.env): Failed to open stream: No such file or directory at /home/mathias/Escritorio/Archivos/SentinelOps/vendor/laravel/framework/src/Illuminate/Foundation/Console/KeyGenerateCommand.php:100)
[stacktrace]
#0 /home/mathias/Escritorio/Archivos/SentinelOps/vendor/laravel/framework/src/Illuminate/Foundation/Bootstrap/HandleExceptions.php(255): Illuminate\\Foundation\\Bootstrap\\HandleExceptions->handleError()
#1 [internal function]: Illuminate\\Foundation\\Bootstrap\\HandleExceptions->{closure:Illuminate\\Foundation\\Bootstrap\\HandleExceptions::forwardsTo():254}()
#2 /home/mathias/Escritorio/Archivos/SentinelOps/vendor/laravel/framework/src/Illuminate/Foundation/Console/KeyGenerateCommand.php(100): file_get_contents()
#3 /home/mathias/Escritorio/Archivos/SentinelOps/vendor/laravel/framework/src/Illuminate/Foundation/Console/KeyGenerateCommand.php(82): Illuminate\\Foundation\\Console\\KeyGenerateCommand->writeNewEnvironmentFileWith()
#4 /home/mathias/Escritorio/Archivos/SentinelOps/vendor/laravel/framework/src/Illuminate/Foundation/Console/KeyGenerateCommand.php(47): Illuminate\\Foundation\\Console\\KeyGenerateCommand->setKeyInEnvironmentFile()
#5 /home/mathias/Escritorio/Archivos/SentinelOps/vendor/laravel/framework/src/Illuminate/Container/BoundMethod.php(36): Illuminate\\Foundation\\Console\\KeyGenerateCommand->handle()
#6 /home/mathias/Escritorio/Archivos/SentinelOps/vendor/laravel/framework/src/Illuminate/Container/Util.php(41): Illuminate\\Container\\BoundMethod::{closure:Illuminate\\Container\\BoundMethod::call():35}()
#7 /home/mathias/Escritorio/Archivos/SentinelOps/vendor/laravel/framework/src/Illuminate/Container/BoundMethod.php(93): Illuminate\\Container\\Util::unwrapIfClosure()
#8 /home/mathias/Escritorio/Archivos/SentinelOps/vendor/laravel/framework/src/Illuminate/Container/BoundMethod.php(35): Illuminate\\Container\\BoundMethod::callBoundMethod()
#9 /home/mathias/Escritorio/Archivos/SentinelOps/vendor/laravel/framework/src/Illuminate/Container/Container.php(662): Illuminate\\Container\\BoundMethod::call()
#10 /home/mathias/Escritorio/Archivos/SentinelOps/vendor/laravel/framework/src/Illuminate/Console/Command.php(211): Illuminate\\Container\\Container->call()
#11 /home/mathias/Escritorio/Archivos/SentinelOps/vendor/symfony/console/Command/Command.php(326): Illuminate\\Console\\Command->execute()
#12 /home/mathias/Escritorio/Archivos/SentinelOps/vendor/laravel/framework/src/Illuminate/Console/Command.php(180): Symfony\\Component\\Console\\Command\\Command->run()
#13 /home/mathias/Escritorio/Archivos/SentinelOps/vendor/symfony/console/Application.php(1121): Illuminate\\Console\\Command->run()
#14 /home/mathias/Escritorio/Archivos/SentinelOps/vendor/symfony/console/Application.php(324): Symfony\\Component\\Console\\Application->doRunCommand()
#15 /home/mathias/Escritorio/Archivos/SentinelOps/vendor/symfony/console/Application.php(175): Symfony\\Component\\Console\\Application->doRun()
#16 /home/mathias/Escritorio/Archivos/SentinelOps/vendor/laravel/framework/src/Illuminate/Foundation/Console/Kernel.php(201): Symfony\\Component\\Console\\Application->run()
#17 /home/mathias/Escritorio/Archivos/SentinelOps/artisan(35): Illuminate\\Foundation\\Console\\Kernel->handle()
#18 {main}
"} 
[2026-05-26 22:54:36] production.ERROR: file_get_contents(/home/mathias/Escritorio/Archivos/SentinelOps/.env): Failed to open stream: No such file or directory {"exception":"[object] (ErrorException(code: 0): file_get_contents(/home/mathias/Escritorio/Archivos/SentinelOps/.env): Failed to open stream: No such file or directory at /home/mathias/Escritorio/Archivos/SentinelOps/vendor/laravel/framework/src/Illuminate/Foundation/Console/KeyGenerateCommand.php:100)
[stacktrace]
#0 /home/mathias/Escritorio/Archivos/SentinelOps/vendor/laravel/framework/src/Illuminate/Foundation/Bootstrap/HandleExceptions.php(255): Illuminate\\Foundation\\Bootstrap\\HandleExceptions->handleError()
#1 [internal function]: Illuminate\\Foundation\\Bootstrap\\HandleExceptions->{closure:Illuminate\\Foundation\\Bootstrap\\HandleExceptions::forwardsTo():254}()
#2 /home/mathias/Escritorio/Archivos/SentinelOps/vendor/laravel/framework/src/Illuminate/Foundation/Console/KeyGenerateCommand.php(100): file_get_contents()
#3 /home/mathias/Escritorio/Archivos/SentinelOps/vendor/laravel/framework/src/Illuminate/Foundation/Console/KeyGenerateCommand.php(82): Illuminate\\Foundation\\Console\\KeyGenerateCommand->writeNewEnvironmentFileWith()
#4 /home/mathias/Escritorio/Archivos/SentinelOps/vendor/laravel/framework/src/Illuminate/Foundation/Console/KeyGenerateCommand.php(47): Illuminate\\Foundation\\Console\\KeyGenerateCommand->setKeyInEnvironmentFile()
#5 /home/mathias/Escritorio/Archivos/SentinelOps/vendor/laravel/framework/src/Illuminate/Container/BoundMethod.php(36): Illuminate\\Foundation\\Console\\KeyGenerateCommand->handle()
#6 /home/mathias/Escritorio/Archivos/SentinelOps/vendor/laravel/framework/src/Illuminate/Container/Util.php(41): Illuminate\\Container\\BoundMethod::{closure:Illuminate\\Container\\BoundMethod::call():35}()
#7 /home/mathias/Escritorio/Archivos/SentinelOps/vendor/laravel/framework/src/Illuminate/Container/BoundMethod.php(93): Illuminate\\Container\\Util::unwrapIfClosure()
#8 /home/mathias/Escritorio/Archivos/SentinelOps/vendor/laravel/framework/src/Illuminate/Container/BoundMethod.php(35): Illuminate\\Container\\BoundMethod::callBoundMethod()
#9 /home/mathias/Escritorio/Archivos/SentinelOps/vendor/laravel/framework/src/Illuminate/Container/Container.php(662): Illuminate\\Container\\BoundMethod::call()
#10 /home/mathias/Escritorio/Archivos/SentinelOps/vendor/laravel/framework/src/Illuminate/Console/Command.php(211): Illuminate\\Container\\Container->call()
#11 /home/mathias/Escritorio/Archivos/SentinelOps/vendor/symfony/console/Command/Command.php(326): Illuminate\\Console\\Command->execute()
#12 /home/mathias/Escritorio/Archivos/SentinelOps/vendor/laravel/framework/src/Illuminate/Console/Command.php(180): Symfony\\Component\\Console\\Command\\Command->run()
#13 /home/mathias/Escritorio/Archivos/SentinelOps/vendor/symfony/console/Application.php(1121): Illuminate\\Console\\Command->run()
#14 /home/mathias/Escritorio/Archivos/SentinelOps/vendor/symfony/console/Application.php(324): Symfony\\Component\\Console\\Application->doRunCommand()
#15 /home/mathias/Escritorio/Archivos/SentinelOps/vendor/symfony/console/Application.php(175): Symfony\\Component\\Console\\Application->doRun()
#16 /home/mathias/Escritorio/Archivos/SentinelOps/vendor/laravel/framework/src/Illuminate/Foundation/Console/Kernel.php(201): Symfony\\Component\\Console\\Application->run()
#17 /home/mathias/Escritorio/Archivos/SentinelOps/artisan(35): Illuminate\\Foundation\\Console\\Kernel->handle()
#18 {main}
"} 
[2026-05-26 22:58:07] production.ERROR: file_get_contents(/home/mathias/Escritorio/Archivos/SentinelOps/.env): Failed to open stream: No such file or directory {"exception":"[object] (ErrorException(code: 0): file_get_contents(/home/mathias/Escritorio/Archivos/SentinelOps/.env): Failed to open stream: No such file or directory at /home/mathias/Escritorio/Archivos/SentinelOps/vendor/laravel/framework/src/Illuminate/Foundation/Console/KeyGenerateCommand.php:100)
[stacktrace]
#0 /home/mathias/Escritorio/Archivos/SentinelOps/vendor/laravel/framework/src/Illuminate/Foundation/Bootstrap/HandleExceptions.php(255): Illuminate\\Foundation\\Bootstrap\\HandleExceptions->handleError()
#1 [internal function]: Illuminate\\Foundation\\Bootstrap\\HandleExceptions->{closure:Illuminate\\Foundation\\Bootstrap\\HandleExceptions::forwardsTo():254}()
#2 /home/mathias/Escritorio/Archivos/SentinelOps/vendor/laravel/framework/src/Illuminate/Foundation/Console/KeyGenerateCommand.php(100): file_get_contents()
#3 /home/mathias/Escritorio/Archivos/SentinelOps/vendor/laravel/framework/src/Illuminate/Foundation/Console/KeyGenerateCommand.php(82): Illuminate\\Foundation\\Console\\KeyGenerateCommand->writeNewEnvironmentFileWith()
#4 /home/mathias/Escritorio/Archivos/SentinelOps/vendor/laravel/framework/src/Illuminate/Foundation/Console/KeyGenerateCommand.php(47): Illuminate\\Foundation\\Console\\KeyGenerateCommand->setKeyInEnvironmentFile()
#5 /home/mathias/Escritorio/Archivos/SentinelOps/vendor/laravel/framework/src/Illuminate/Container/BoundMethod.php(36): Illuminate\\Foundation\\Console\\KeyGenerateCommand->handle()
#6 /home/mathias/Escritorio/Archivos/SentinelOps/vendor/laravel/framework/src/Illuminate/Container/Util.php(41): Illuminate\\Container\\BoundMethod::{closure:Illuminate\\Container\\BoundMethod::call():35}()
#7 /home/mathias/Escritorio/Archivos/SentinelOps/vendor/laravel/framework/src/Illuminate/Container/BoundMethod.php(93): Illuminate\\Container\\Util::unwrapIfClosure()
#8 /home/mathias/Escritorio/Archivos/SentinelOps/vendor/laravel/framework/src/Illuminate/Container/BoundMethod.php(35): Illuminate\\Container\\BoundMethod::callBoundMethod()
#9 /home/mathias/Escritorio/Archivos/SentinelOps/vendor/laravel/framework/src/Illuminate/Container/Container.php(662): Illuminate\\Container\\BoundMethod::call()
#10 /home/mathias/Escritorio/Archivos/SentinelOps/vendor/laravel/framework/src/Illuminate/Console/Command.php(211): Illuminate\\Container\\Container->call()
#11 /home/mathias/Escritorio/Archivos/SentinelOps/vendor/symfony/console/Command/Command.php(326): Illuminate\\Console\\Command->execute()
#12 /home/mathias/Escritorio/Archivos/SentinelOps/vendor/laravel/framework/src/Illuminate/Console/Command.php(180): Symfony\\Component\\Console\\Command\\Command->run()
#13 /home/mathias/Escritorio/Archivos/SentinelOps/vendor/symfony/console/Application.php(1121): Illuminate\\Console\\Command->run()
#14 /home/mathias/Escritorio/Archivos/SentinelOps/vendor/symfony/console/Application.php(324): Symfony\\Component\\Console\\Application->doRunCommand()
#15 /home/mathias/Escritorio/Archivos/SentinelOps/vendor/symfony/console/Application.php(175): Symfony\\Component\\Console\\Application->doRun()
#16 /home/mathias/Escritorio/Archivos/SentinelOps/vendor/laravel/framework/src/Illuminate/Foundation/Console/Kernel.php(201): Symfony\\Component\\Console\\Application->run()
#17 /home/mathias/Escritorio/Archivos/SentinelOps/artisan(35): Illuminate\\Foundation\\Console\\Kernel->handle()
#18 {main}
"} 
[2026-05-26 23:00:45] local.ERROR: SQLSTATE[23000]: Integrity constraint violation: 19 UNIQUE constraint failed: users.email (Connection: sqlite, SQL: insert into "users" ("name", "email", "password", "role", "is_active", "updated_at", "created_at") values (Admin SentinelOps, admin@sentinelops.com, $2y$12$7nOO.adino8BUODkBtw8aee5IA7xv78raEOEc7.2yrnquSE06C/mW, admin, 1, 2026-05-26 23:00:45, 2026-05-26 23:00:45)) {"exception":"[object] (Illuminate\\Database\\UniqueConstraintViolationException(code: 23000): SQLSTATE[23000]: Integrity constraint violation: 19 UNIQUE constraint failed: users.email (Connection: sqlite, SQL: insert into \"users\" (\"name\", \"email\", \"password\", \"role\", \"is_active\", \"updated_at\", \"created_at\") values (Admin SentinelOps, admin@sentinelops.com, $2y$12$7nOO.adino8BUODkBtw8aee5IA7xv78raEOEc7.2yrnquSE06C/mW, admin, 1, 2026-05-26 23:00:45, 2026-05-26 23:00:45)) at /home/mathias/Escritorio/Archivos/SentinelOps/vendor/laravel/framework/src/Illuminate/Database/Connection.php:824)
[stacktrace]
#0 /home/mathias/Escritorio/Archivos/SentinelOps/vendor/laravel/framework/src/Illuminate/Database/Connection.php(783): Illuminate\\Database\\Connection->runQueryCallback()
#1 /home/mathias/Escritorio/Archivos/SentinelOps/vendor/laravel/framework/src/Illuminate/Database/Connection.php(576): Illuminate\\Database\\Connection->run()
#2 /home/mathias/Escritorio/Archivos/SentinelOps/vendor/laravel/framework/src/Illuminate/Database/Connection.php(540): Illuminate\\Database\\Connection->statement()
#3 /home/mathias/Escritorio/Archivos/SentinelOps/vendor/laravel/framework/src/Illuminate/Database/Query/Processors/Processor.php(32): Illuminate\\Database\\Connection->insert()
#4 /home/mathias/Escritorio/Archivos/SentinelOps/vendor/laravel/framework/src/Illuminate/Database/Query/Builder.php(3549): Illuminate\\Database\\Query\\Processors\\Processor->processInsertGetId()
#5 /home/mathias/Escritorio/Archivos/SentinelOps/vendor/laravel/framework/src/Illuminate/Database/Eloquent/Builder.php(1982): Illuminate\\Database\\Query\\Builder->insertGetId()
#6 /home/mathias/Escritorio/Archivos/SentinelOps/vendor/laravel/framework/src/Illuminate/Database/Eloquent/Model.php(1334): Illuminate\\Database\\Eloquent\\Builder->__call()
#7 /home/mathias/Escritorio/Archivos/SentinelOps/vendor/laravel/framework/src/Illuminate/Database/Eloquent/Model.php(1299): Illuminate\\Database\\Eloquent\\Model->insertAndSetId()
#8 /home/mathias/Escritorio/Archivos/SentinelOps/vendor/laravel/framework/src/Illuminate/Database/Eloquent/Model.php(1138): Illuminate\\Database\\Eloquent\\Model->performInsert()
#9 /home/mathias/Escritorio/Archivos/SentinelOps/vendor/laravel/framework/src/Illuminate/Database/Eloquent/Builder.php(1025): Illuminate\\Database\\Eloquent\\Model->save()
#10 /home/mathias/Escritorio/Archivos/SentinelOps/vendor/laravel/framework/src/Illuminate/Support/helpers.php(320): Illuminate\\Database\\Eloquent\\Builder->{closure:Illuminate\\Database\\Eloquent\\Builder::create():1024}()
#11 /home/mathias/Escritorio/Archivos/SentinelOps/vendor/laravel/framework/src/Illuminate/Database/Eloquent/Builder.php(1024): tap()
#12 /home/mathias/Escritorio/Archivos/SentinelOps/vendor/laravel/framework/src/Illuminate/Support/Traits/ForwardsCalls.php(23): Illuminate\\Database\\Eloquent\\Builder->create()
#13 /home/mathias/Escritorio/Archivos/SentinelOps/vendor/laravel/framework/src/Illuminate/Database/Eloquent/Model.php(2335): Illuminate\\Database\\Eloquent\\Model->forwardCallTo()
#14 /home/mathias/Escritorio/Archivos/SentinelOps/vendor/laravel/framework/src/Illuminate/Database/Eloquent/Model.php(2347): Illuminate\\Database\\Eloquent\\Model->__call()
#15 /home/mathias/Escritorio/Archivos/SentinelOps/database/seeders/UserSeeder.php(18): Illuminate\\Database\\Eloquent\\Model::__callStatic()
#16 /home/mathias/Escritorio/Archivos/SentinelOps/vendor/laravel/framework/src/Illuminate/Container/BoundMethod.php(36): Database\\Seeders\\UserSeeder->run()
#17 /home/mathias/Escritorio/Archivos/SentinelOps/vendor/laravel/framework/src/Illuminate/Container/Util.php(41): Illuminate\\Container\\BoundMethod::{closure:Illuminate\\Container\\BoundMethod::call():35}()
#18 /home/mathias/Escritorio/Archivos/SentinelOps/vendor/laravel/framework/src/Illuminate/Container/BoundMethod.php(93): Illuminate\\Container\\Util::unwrapIfClosure()
#19 /home/mathias/Escritorio/Archivos/SentinelOps/vendor/laravel/framework/src/Illuminate/Container/BoundMethod.php(35): Illuminate\\Container\\BoundMethod::callBoundMethod()
#20 /home/mathias/Escritorio/Archivos/SentinelOps/vendor/laravel/framework/src/Illuminate/Container/Container.php(662): Illuminate\\Container\\BoundMethod::call()
#21 /home/mathias/Escritorio/Archivos/SentinelOps/vendor/laravel/framework/src/Illuminate/Database/Seeder.php(184): Illuminate\\Container\\Container->call()
#22 /home/mathias/Escritorio/Archivos/SentinelOps/vendor/laravel/framework/src/Illuminate/Database/Seeder.php(193): Illuminate\\Database\\Seeder->{closure:Illuminate\\Database\\Seeder::__invoke():183}()
#23 /home/mathias/Escritorio/Archivos/SentinelOps/vendor/laravel/framework/src/Illuminate/Database/Seeder.php(61): Illuminate\\Database\\Seeder->__invoke()
#24 /home/mathias/Escritorio/Archivos/SentinelOps/database/seeders/DatabaseSeeder.php(14): Illuminate\\Database\\Seeder->call()
#25 /home/mathias/Escritorio/Archivos/SentinelOps/vendor/laravel/framework/src/Illuminate/Container/BoundMethod.php(36): Database\\Seeders\\DatabaseSeeder->run()
#26 /home/mathias/Escritorio/Archivos/SentinelOps/vendor/laravel/framework/src/Illuminate/Container/Util.php(41): Illuminate\\Container\\BoundMethod::{closure:Illuminate\\Container\\BoundMethod::call():35}()
#27 /home/mathias/Escritorio/Archivos/SentinelOps/vendor/laravel/framework/src/Illuminate/Container/BoundMethod.php(93): Illuminate\\Container\\Util::unwrapIfClosure()
#28 /home/mathias/Escritorio/Archivos/SentinelOps/vendor/laravel/framework/src/Illuminate/Container/BoundMethod.php(35): Illuminate\\Container\\BoundMethod::callBoundMethod()
#29 /home/mathias/Escritorio/Archivos/SentinelOps/vendor/laravel/framework/src/Illuminate/Container/Container.php(662): Illuminate\\Container\\BoundMethod::call()
#30 /home/mathias/Escritorio/Archivos/SentinelOps/vendor/laravel/framework/src/Illuminate/Database/Seeder.php(184): Illuminate\\Container\\Container->call()
#31 /home/mathias/Escritorio/Archivos/SentinelOps/vendor/laravel/framework/src/Illuminate/Database/Seeder.php(193): Illuminate\\Database\\Seeder->{closure:Illuminate\\Database\\Seeder::__invoke():183}()
#32 /home/mathias/Escritorio/Archivos/SentinelOps/vendor/laravel/framework/src/Illuminate/Database/Console/Seeds/SeedCommand.php(70): Illuminate\\Database\\Seeder->__invoke()
#33 /home/mathias/Escritorio/Archivos/SentinelOps/vendor/laravel/framework/src/Illuminate/Database/Eloquent/Concerns/GuardsAttributes.php(155): Illuminate\\Database\\Console\\Seeds\\SeedCommand->{closure:Illuminate\\Database\\Console\\Seeds\\SeedCommand::handle():69}()
#34 /home/mathias/Escritorio/Archivos/SentinelOps/vendor/laravel/framework/src/Illuminate/Database/Console/Seeds/SeedCommand.php(69): Illuminate\\Database\\Eloquent\\Model::unguarded()
#35 /home/mathias/Escritorio/Archivos/SentinelOps/vendor/laravel/framework/src/Illuminate/Container/BoundMethod.php(36): Illuminate\\Database\\Console\\Seeds\\SeedCommand->handle()
#36 /home/mathias/Escritorio/Archivos/SentinelOps/vendor/laravel/framework/src/Illuminate/Container/Util.php(41): Illuminate\\Container\\BoundMethod::{closure:Illuminate\\Container\\BoundMethod::call():35}()
#37 /home/mathias/Escritorio/Archivos/SentinelOps/vendor/laravel/framework/src/Illuminate/Container/BoundMethod.php(93): Illuminate\\Container\\Util::unwrapIfClosure()
#38 /home/mathias/Escritorio/Archivos/SentinelOps/vendor/laravel/framework/src/Illuminate/Container/BoundMethod.php(35): Illuminate\\Container\\BoundMethod::callBoundMethod()
#39 /home/mathias/Escritorio/Archivos/SentinelOps/vendor/laravel/framework/src/Illuminate/Container/Container.php(662): Illuminate\\Container\\BoundMethod::call()
#40 /home/mathias/Escritorio/Archivos/SentinelOps/vendor/laravel/framework/src/Illuminate/Console/Command.php(211): Illuminate\\Container\\Container->call()
#41 /home/mathias/Escritorio/Archivos/SentinelOps/vendor/symfony/console/Command/Command.php(326): Illuminate\\Console\\Command->execute()
#42 /home/mathias/Escritorio/Archivos/SentinelOps/vendor/laravel/framework/src/Illuminate/Console/Command.php(180): Symfony\\Component\\Console\\Command\\Command->run()
#43 /home/mathias/Escritorio/Archivos/SentinelOps/vendor/symfony/console/Application.php(1121): Illuminate\\Console\\Command->run()
#44 /home/mathias/Escritorio/Archivos/SentinelOps/vendor/symfony/console/Application.php(324): Symfony\\Component\\Console\\Application->doRunCommand()
#45 /home/mathias/Escritorio/Archivos/SentinelOps/vendor/symfony/console/Application.php(175): Symfony\\Component\\Console\\Application->doRun()
#46 /home/mathias/Escritorio/Archivos/SentinelOps/vendor/laravel/framework/src/Illuminate/Foundation/Console/Kernel.php(201): Symfony\\Component\\Console\\Application->run()
#47 /home/mathias/Escritorio/Archivos/SentinelOps/artisan(35): Illuminate\\Foundation\\Console\\Kernel->handle()
#48 {main}

[previous exception] [object] (PDOException(code: 23000): SQLSTATE[23000]: Integrity constraint violation: 19 UNIQUE constraint failed: users.email at /home/mathias/Escritorio/Archivos/SentinelOps/vendor/laravel/framework/src/Illuminate/Database/Connection.php:587)
[stacktrace]
#0 /home/mathias/Escritorio/Archivos/SentinelOps/vendor/laravel/framework/src/Illuminate/Database/Connection.php(587): PDOStatement->execute()
#1 /home/mathias/Escritorio/Archivos/SentinelOps/vendor/laravel/framework/src/Illuminate/Database/Connection.php(816): Illuminate\\Database\\Connection->{closure:Illuminate\\Database\\Connection::statement():576}()
#2 /home/mathias/Escritorio/Archivos/SentinelOps/vendor/laravel/framework/src/Illuminate/Database/Connection.php(783): Illuminate\\Database\\Connection->runQueryCallback()
#3 /home/mathias/Escritorio/Archivos/SentinelOps/vendor/laravel/framework/src/Illuminate/Database/Connection.php(576): Illuminate\\Database\\Connection->run()
#4 /home/mathias/Escritorio/Archivos/SentinelOps/vendor/laravel/framework/src/Illuminate/Database/Connection.php(540): Illuminate\\Database\\Connection->statement()
#5 /home/mathias/Escritorio/Archivos/SentinelOps/vendor/laravel/framework/src/Illuminate/Database/Query/Processors/Processor.php(32): Illuminate\\Database\\Connection->insert()
#6 /home/mathias/Escritorio/Archivos/SentinelOps/vendor/laravel/framework/src/Illuminate/Database/Query/Builder.php(3549): Illuminate\\Database\\Query\\Processors\\Processor->processInsertGetId()
#7 /home/mathias/Escritorio/Archivos/SentinelOps/vendor/laravel/framework/src/Illuminate/Database/Eloquent/Builder.php(1982): Illuminate\\Database\\Query\\Builder->insertGetId()
#8 /home/mathias/Escritorio/Archivos/SentinelOps/vendor/laravel/framework/src/Illuminate/Database/Eloquent/Model.php(1334): Illuminate\\Database\\Eloquent\\Builder->__call()
#9 /home/mathias/Escritorio/Archivos/SentinelOps/vendor/laravel/framework/src/Illuminate/Database/Eloquent/Model.php(1299): Illuminate\\Database\\Eloquent\\Model->insertAndSetId()
#10 /home/mathias/Escritorio/Archivos/SentinelOps/vendor/laravel/framework/src/Illuminate/Database/Eloquent/Model.php(1138): Illuminate\\Database\\Eloquent\\Model->performInsert()
#11 /home/mathias/Escritorio/Archivos/SentinelOps/vendor/laravel/framework/src/Illuminate/Database/Eloquent/Builder.php(1025): Illuminate\\Database\\Eloquent\\Model->save()
#12 /home/mathias/Escritorio/Archivos/SentinelOps/vendor/laravel/framework/src/Illuminate/Support/helpers.php(320): Illuminate\\Database\\Eloquent\\Builder->{closure:Illuminate\\Database\\Eloquent\\Builder::create():1024}()
#13 /home/mathias/Escritorio/Archivos/SentinelOps/vendor/laravel/framework/src/Illuminate/Database/Eloquent/Builder.php(1024): tap()
#14 /home/mathias/Escritorio/Archivos/SentinelOps/vendor/laravel/framework/src/Illuminate/Support/Traits/ForwardsCalls.php(23): Illuminate\\Database\\Eloquent\\Builder->create()
#15 /home/mathias/Escritorio/Archivos/SentinelOps/vendor/laravel/framework/src/Illuminate/Database/Eloquent/Model.php(2335): Illuminate\\Database\\Eloquent\\Model->forwardCallTo()
#16 /home/mathias/Escritorio/Archivos/SentinelOps/vendor/laravel/framework/src/Illuminate/Database/Eloquent/Model.php(2347): Illuminate\\Database\\Eloquent\\Model->__call()
#17 /home/mathias/Escritorio/Archivos/SentinelOps/database/seeders/UserSeeder.php(18): Illuminate\\Database\\Eloquent\\Model::__callStatic()
#18 /home/mathias/Escritorio/Archivos/SentinelOps/vendor/laravel/framework/src/Illuminate/Container/BoundMethod.php(36): Database\\Seeders\\UserSeeder->run()
#19 /home/mathias/Escritorio/Archivos/SentinelOps/vendor/laravel/framework/src/Illuminate/Container/Util.php(41): Illuminate\\Container\\BoundMethod::{closure:Illuminate\\Container\\BoundMethod::call():35}()
#20 /home/mathias/Escritorio/Archivos/SentinelOps/vendor/laravel/framework/src/Illuminate/Container/BoundMethod.php(93): Illuminate\\Container\\Util::unwrapIfClosure()
#21 /home/mathias/Escritorio/Archivos/SentinelOps/vendor/laravel/framework/src/Illuminate/Container/BoundMethod.php(35): Illuminate\\Container\\BoundMethod::callBoundMethod()
#22 /home/mathias/Escritorio/Archivos/SentinelOps/vendor/laravel/framework/src/Illuminate/Container/Container.php(662): Illuminate\\Container\\BoundMethod::call()
#23 /home/mathias/Escritorio/Archivos/SentinelOps/vendor/laravel/framework/src/Illuminate/Database/Seeder.php(184): Illuminate\\Container\\Container->call()
#24 /home/mathias/Escritorio/Archivos/SentinelOps/vendor/laravel/framework/src/Illuminate/Database/Seeder.php(193): Illuminate\\Database\\Seeder->{closure:Illuminate\\Database\\Seeder::__invoke():183}()
#25 /home/mathias/Escritorio/Archivos/SentinelOps/vendor/laravel/framework/src/Illuminate/Database/Seeder.php(61): Illuminate\\Database\\Seeder->__invoke()
#26 /home/mathias/Escritorio/Archivos/SentinelOps/database/seeders/DatabaseSeeder.php(14): Illuminate\\Database\\Seeder->call()
#27 /home/mathias/Escritorio/Archivos/SentinelOps/vendor/laravel/framework/src/Illuminate/Container/BoundMethod.php(36): Database\\Seeders\\DatabaseSeeder->run()
#28 /home/mathias/Escritorio/Archivos/SentinelOps/vendor/laravel/framework/src/Illuminate/Container/Util.php(41): Illuminate\\Container\\BoundMethod::{closure:Illuminate\\Container\\BoundMethod::call():35}()
#29 /home/mathias/Escritorio/Archivos/SentinelOps/vendor/laravel/framework/src/Illuminate/Container/BoundMethod.php(93): Illuminate\\Container\\Util::unwrapIfClosure()
#30 /home/mathias/Escritorio/Archivos/SentinelOps/vendor/laravel/framework/src/Illuminate/Container/BoundMethod.php(35): Illuminate\\Container\\BoundMethod::callBoundMethod()
#31 /home/mathias/Escritorio/Archivos/SentinelOps/vendor/laravel/framework/src/Illuminate/Container/Container.php(662): Illuminate\\Container\\BoundMethod::call()
#32 /home/mathias/Escritorio/Archivos/SentinelOps/vendor/laravel/framework/src/Illuminate/Database/Seeder.php(184): Illuminate\\Container\\Container->call()
#33 /home/mathias/Escritorio/Archivos/SentinelOps/vendor/laravel/framework/src/Illuminate/Database/Seeder.php(193): Illuminate\\Database\\Seeder->{closure:Illuminate\\Database\\Seeder::__invoke():183}()
#34 /home/mathias/Escritorio/Archivos/SentinelOps/vendor/laravel/framework/src/Illuminate/Database/Console/Seeds/SeedCommand.php(70): Illuminate\\Database\\Seeder->__invoke()
#35 /home/mathias/Escritorio/Archivos/SentinelOps/vendor/laravel/framework/src/Illuminate/Database/Eloquent/Concerns/GuardsAttributes.php(155): Illuminate\\Database\\Console\\Seeds\\SeedCommand->{closure:Illuminate\\Database\\Console\\Seeds\\SeedCommand::handle():69}()
#36 /home/mathias/Escritorio/Archivos/SentinelOps/vendor/laravel/framework/src/Illuminate/Database/Console/Seeds/SeedCommand.php(69): Illuminate\\Database\\Eloquent\\Model::unguarded()
#37 /home/mathias/Escritorio/Archivos/SentinelOps/vendor/laravel/framework/src/Illuminate/Container/BoundMethod.php(36): Illuminate\\Database\\Console\\Seeds\\SeedCommand->handle()
#38 /home/mathias/Escritorio/Archivos/SentinelOps/vendor/laravel/framework/src/Illuminate/Container/Util.php(41): Illuminate\\Container\\BoundMethod::{closure:Illuminate\\Container\\BoundMethod::call():35}()
#39 /home/mathias/Escritorio/Archivos/SentinelOps/vendor/laravel/framework/src/Illuminate/Container/BoundMethod.php(93): Illuminate\\Container\\Util::unwrapIfClosure()
#40 /home/mathias/Escritorio/Archivos/SentinelOps/vendor/laravel/framework/src/Illuminate/Container/BoundMethod.php(35): Illuminate\\Container\\BoundMethod::callBoundMethod()
#41 /home/mathias/Escritorio/Archivos/SentinelOps/vendor/laravel/framework/src/Illuminate/Container/Container.php(662): Illuminate\\Container\\BoundMethod::call()
#42 /home/mathias/Escritorio/Archivos/SentinelOps/vendor/laravel/framework/src/Illuminate/Console/Command.php(211): Illuminate\\Container\\Container->call()
#43 /home/mathias/Escritorio/Archivos/SentinelOps/vendor/symfony/console/Command/Command.php(326): Illuminate\\Console\\Command->execute()
#44 /home/mathias/Escritorio/Archivos/SentinelOps/vendor/laravel/framework/src/Illuminate/Console/Command.php(180): Symfony\\Component\\Console\\Command\\Command->run()
#45 /home/mathias/Escritorio/Archivos/SentinelOps/vendor/symfony/console/Application.php(1121): Illuminate\\Console\\Command->run()
#46 /home/mathias/Escritorio/Archivos/SentinelOps/vendor/symfony/console/Application.php(324): Symfony\\Component\\Console\\Application->doRunCommand()
#47 /home/mathias/Escritorio/Archivos/SentinelOps/vendor/symfony/console/Application.php(175): Symfony\\Component\\Console\\Application->doRun()
#48 /home/mathias/Escritorio/Archivos/SentinelOps/vendor/laravel/framework/src/Illuminate/Foundation/Console/Kernel.php(201): Symfony\\Component\\Console\\Application->run()
#49 /home/mathias/Escritorio/Archivos/SentinelOps/artisan(35): Illuminate\\Foundation\\Console\\Kernel->handle()
#50 {main}
"} 
[2026-05-26 23:01:52] local.ERROR: SQLSTATE[23000]: Integrity constraint violation: 19 UNIQUE constraint failed: users.email (Connection: sqlite, SQL: insert into "users" ("name", "email", "password", "role", "is_active", "updated_at", "created_at") values (Admin SentinelOps, admin@sentinelops.com, $2y$12$ovhJQQoZZAJWGHFOPZKYou1Fsh7avNRBKBccH7ShVc8F.rAc26FCG, admin, 1, 2026-05-26 23:01:52, 2026-05-26 23:01:52)) {"exception":"[object] (Illuminate\\Database\\UniqueConstraintViolationException(code: 23000): SQLSTATE[23000]: Integrity constraint violation: 19 UNIQUE constraint failed: users.email (Connection: sqlite, SQL: insert into \"users\" (\"name\", \"email\", \"password\", \"role\", \"is_active\", \"updated_at\", \"created_at\") values (Admin SentinelOps, admin@sentinelops.com, $2y$12$ovhJQQoZZAJWGHFOPZKYou1Fsh7avNRBKBccH7ShVc8F.rAc26FCG, admin, 1, 2026-05-26 23:01:52, 2026-05-26 23:01:52)) at /home/mathias/Escritorio/Archivos/SentinelOps/vendor/laravel/framework/src/Illuminate/Database/Connection.php:824)
[stacktrace]
#0 /home/mathias/Escritorio/Archivos/SentinelOps/vendor/laravel/framework/src/Illuminate/Database/Connection.php(783): Illuminate\\Database\\Connection->runQueryCallback()
#1 /home/mathias/Escritorio/Archivos/SentinelOps/vendor/laravel/framework/src/Illuminate/Database/Connection.php(576): Illuminate\\Database\\Connection->run()
#2 /home/mathias/Escritorio/Archivos/SentinelOps/vendor/laravel/framework/src/Illuminate/Database/Connection.php(540): Illuminate\\Database\\Connection->statement()
#3 /home/mathias/Escritorio/Archivos/SentinelOps/vendor/laravel/framework/src/Illuminate/Database/Query/Processors/Processor.php(32): Illuminate\\Database\\Connection->insert()
#4 /home/mathias/Escritorio/Archivos/SentinelOps/vendor/laravel/framework/src/Illuminate/Database/Query/Builder.php(3549): Illuminate\\Database\\Query\\Processors\\Processor->processInsertGetId()
#5 /home/mathias/Escritorio/Archivos/SentinelOps/vendor/laravel/framework/src/Illuminate/Database/Eloquent/Builder.php(1982): Illuminate\\Database\\Query\\Builder->insertGetId()
#6 /home/mathias/Escritorio/Archivos/SentinelOps/vendor/laravel/framework/src/Illuminate/Database/Eloquent/Model.php(1334): Illuminate\\Database\\Eloquent\\Builder->__call()
#7 /home/mathias/Escritorio/Archivos/SentinelOps/vendor/laravel/framework/src/Illuminate/Database/Eloquent/Model.php(1299): Illuminate\\Database\\Eloquent\\Model->insertAndSetId()
#8 /home/mathias/Escritorio/Archivos/SentinelOps/vendor/laravel/framework/src/Illuminate/Database/Eloquent/Model.php(1138): Illuminate\\Database\\Eloquent\\Model->performInsert()
#9 /home/mathias/Escritorio/Archivos/SentinelOps/vendor/laravel/framework/src/Illuminate/Database/Eloquent/Builder.php(1025): Illuminate\\Database\\Eloquent\\Model->save()
#10 /home/mathias/Escritorio/Archivos/SentinelOps/vendor/laravel/framework/src/Illuminate/Support/helpers.php(320): Illuminate\\Database\\Eloquent\\Builder->{closure:Illuminate\\Database\\Eloquent\\Builder::create():1024}()
#11 /home/mathias/Escritorio/Archivos/SentinelOps/vendor/laravel/framework/src/Illuminate/Database/Eloquent/Builder.php(1024): tap()
#12 /home/mathias/Escritorio/Archivos/SentinelOps/vendor/laravel/framework/src/Illuminate/Support/Traits/ForwardsCalls.php(23): Illuminate\\Database\\Eloquent\\Builder->create()
#13 /home/mathias/Escritorio/Archivos/SentinelOps/vendor/laravel/framework/src/Illuminate/Database/Eloquent/Model.php(2335): Illuminate\\Database\\Eloquent\\Model->forwardCallTo()
#14 /home/mathias/Escritorio/Archivos/SentinelOps/vendor/laravel/framework/src/Illuminate/Database/Eloquent/Model.php(2347): Illuminate\\Database\\Eloquent\\Model->__call()
#15 /home/mathias/Escritorio/Archivos/SentinelOps/database/seeders/UserSeeder.php(18): Illuminate\\Database\\Eloquent\\Model::__callStatic()
#16 /home/mathias/Escritorio/Archivos/SentinelOps/vendor/laravel/framework/src/Illuminate/Container/BoundMethod.php(36): Database\\Seeders\\UserSeeder->run()
#17 /home/mathias/Escritorio/Archivos/SentinelOps/vendor/laravel/framework/src/Illuminate/Container/Util.php(41): Illuminate\\Container\\BoundMethod::{closure:Illuminate\\Container\\BoundMethod::call():35}()
#18 /home/mathias/Escritorio/Archivos/SentinelOps/vendor/laravel/framework/src/Illuminate/Container/BoundMethod.php(93): Illuminate\\Container\\Util::unwrapIfClosure()
#19 /home/mathias/Escritorio/Archivos/SentinelOps/vendor/laravel/framework/src/Illuminate/Container/BoundMethod.php(35): Illuminate\\Container\\BoundMethod::callBoundMethod()
#20 /home/mathias/Escritorio/Archivos/SentinelOps/vendor/laravel/framework/src/Illuminate/Container/Container.php(662): Illuminate\\Container\\BoundMethod::call()
#21 /home/mathias/Escritorio/Archivos/SentinelOps/vendor/laravel/framework/src/Illuminate/Database/Seeder.php(184): Illuminate\\Container\\Container->call()
#22 /home/mathias/Escritorio/Archivos/SentinelOps/vendor/laravel/framework/src/Illuminate/Database/Seeder.php(193): Illuminate\\Database\\Seeder->{closure:Illuminate\\Database\\Seeder::__invoke():183}()
#23 /home/mathias/Escritorio/Archivos/SentinelOps/vendor/laravel/framework/src/Illuminate/Database/Seeder.php(61): Illuminate\\Database\\Seeder->__invoke()
#24 /home/mathias/Escritorio/Archivos/SentinelOps/database/seeders/DatabaseSeeder.php(14): Illuminate\\Database\\Seeder->call()
#25 /home/mathias/Escritorio/Archivos/SentinelOps/vendor/laravel/framework/src/Illuminate/Container/BoundMethod.php(36): Database\\Seeders\\DatabaseSeeder->run()
#26 /home/mathias/Escritorio/Archivos/SentinelOps/vendor/laravel/framework/src/Illuminate/Container/Util.php(41): Illuminate\\Container\\BoundMethod::{closure:Illuminate\\Container\\BoundMethod::call():35}()
#27 /home/mathias/Escritorio/Archivos/SentinelOps/vendor/laravel/framework/src/Illuminate/Container/BoundMethod.php(93): Illuminate\\Container\\Util::unwrapIfClosure()
#28 /home/mathias/Escritorio/Archivos/SentinelOps/vendor/laravel/framework/src/Illuminate/Container/BoundMethod.php(35): Illuminate\\Container\\BoundMethod::callBoundMethod()
#29 /home/mathias/Escritorio/Archivos/SentinelOps/vendor/laravel/framework/src/Illuminate/Container/Container.php(662): Illuminate\\Container\\BoundMethod::call()
#30 /home/mathias/Escritorio/Archivos/SentinelOps/vendor/laravel/framework/src/Illuminate/Database/Seeder.php(184): Illuminate\\Container\\Container->call()
#31 /home/mathias/Escritorio/Archivos/SentinelOps/vendor/laravel/framework/src/Illuminate/Database/Seeder.php(193): Illuminate\\Database\\Seeder->{closure:Illuminate\\Database\\Seeder::__invoke():183}()
#32 /home/mathias/Escritorio/Archivos/SentinelOps/vendor/laravel/framework/src/Illuminate/Database/Console/Seeds/SeedCommand.php(70): Illuminate\\Database\\Seeder->__invoke()
#33 /home/mathias/Escritorio/Archivos/SentinelOps/vendor/laravel/framework/src/Illuminate/Database/Eloquent/Concerns/GuardsAttributes.php(155): Illuminate\\Database\\Console\\Seeds\\SeedCommand->{closure:Illuminate\\Database\\Console\\Seeds\\SeedCommand::handle():69}()
#34 /home/mathias/Escritorio/Archivos/SentinelOps/vendor/laravel/framework/src/Illuminate/Database/Console/Seeds/SeedCommand.php(69): Illuminate\\Database\\Eloquent\\Model::unguarded()
#35 /home/mathias/Escritorio/Archivos/SentinelOps/vendor/laravel/framework/src/Illuminate/Container/BoundMethod.php(36): Illuminate\\Database\\Console\\Seeds\\SeedCommand->handle()
#36 /home/mathias/Escritorio/Archivos/SentinelOps/vendor/laravel/framework/src/Illuminate/Container/Util.php(41): Illuminate\\Container\\BoundMethod::{closure:Illuminate\\Container\\BoundMethod::call():35}()
#37 /home/mathias/Escritorio/Archivos/SentinelOps/vendor/laravel/framework/src/Illuminate/Container/BoundMethod.php(93): Illuminate\\Container\\Util::unwrapIfClosure()
#38 /home/mathias/Escritorio/Archivos/SentinelOps/vendor/laravel/framework/src/Illuminate/Container/BoundMethod.php(35): Illuminate\\Container\\BoundMethod::callBoundMethod()
#39 /home/mathias/Escritorio/Archivos/SentinelOps/vendor/laravel/framework/src/Illuminate/Container/Container.php(662): Illuminate\\Container\\BoundMethod::call()
#40 /home/mathias/Escritorio/Archivos/SentinelOps/vendor/laravel/framework/src/Illuminate/Console/Command.php(211): Illuminate\\Container\\Container->call()
#41 /home/mathias/Escritorio/Archivos/SentinelOps/vendor/symfony/console/Command/Command.php(326): Illuminate\\Console\\Command->execute()
#42 /home/mathias/Escritorio/Archivos/SentinelOps/vendor/laravel/framework/src/Illuminate/Console/Command.php(180): Symfony\\Component\\Console\\Command\\Command->run()
#43 /home/mathias/Escritorio/Archivos/SentinelOps/vendor/symfony/console/Application.php(1121): Illuminate\\Console\\Command->run()
#44 /home/mathias/Escritorio/Archivos/SentinelOps/vendor/symfony/console/Application.php(324): Symfony\\Component\\Console\\Application->doRunCommand()
#45 /home/mathias/Escritorio/Archivos/SentinelOps/vendor/symfony/console/Application.php(175): Symfony\\Component\\Console\\Application->doRun()
#46 /home/mathias/Escritorio/Archivos/SentinelOps/vendor/laravel/framework/src/Illuminate/Foundation/Console/Kernel.php(201): Symfony\\Component\\Console\\Application->run()
#47 /home/mathias/Escritorio/Archivos/SentinelOps/artisan(35): Illuminate\\Foundation\\Console\\Kernel->handle()
#48 {main}

[previous exception] [object] (PDOException(code: 23000): SQLSTATE[23000]: Integrity constraint violation: 19 UNIQUE constraint failed: users.email at /home/mathias/Escritorio/Archivos/SentinelOps/vendor/laravel/framework/src/Illuminate/Database/Connection.php:587)
[stacktrace]
#0 /home/mathias/Escritorio/Archivos/SentinelOps/vendor/laravel/framework/src/Illuminate/Database/Connection.php(587): PDOStatement->execute()
#1 /home/mathias/Escritorio/Archivos/SentinelOps/vendor/laravel/framework/src/Illuminate/Database/Connection.php(816): Illuminate\\Database\\Connection->{closure:Illuminate\\Database\\Connection::statement():576}()
#2 /home/mathias/Escritorio/Archivos/SentinelOps/vendor/laravel/framework/src/Illuminate/Database/Connection.php(783): Illuminate\\Database\\Connection->runQueryCallback()
#3 /home/mathias/Escritorio/Archivos/SentinelOps/vendor/laravel/framework/src/Illuminate/Database/Connection.php(576): Illuminate\\Database\\Connection->run()
#4 /home/mathias/Escritorio/Archivos/SentinelOps/vendor/laravel/framework/src/Illuminate/Database/Connection.php(540): Illuminate\\Database\\Connection->statement()
#5 /home/mathias/Escritorio/Archivos/SentinelOps/vendor/laravel/framework/src/Illuminate/Database/Query/Processors/Processor.php(32): Illuminate\\Database\\Connection->insert()
#6 /home/mathias/Escritorio/Archivos/SentinelOps/vendor/laravel/framework/src/Illuminate/Database/Query/Builder.php(3549): Illuminate\\Database\\Query\\Processors\\Processor->processInsertGetId()
#7 /home/mathias/Escritorio/Archivos/SentinelOps/vendor/laravel/framework/src/Illuminate/Database/Eloquent/Builder.php(1982): Illuminate\\Database\\Query\\Builder->insertGetId()
#8 /home/mathias/Escritorio/Archivos/SentinelOps/vendor/laravel/framework/src/Illuminate/Database/Eloquent/Model.php(1334): Illuminate\\Database\\Eloquent\\Builder->__call()
#9 /home/mathias/Escritorio/Archivos/SentinelOps/vendor/laravel/framework/src/Illuminate/Database/Eloquent/Model.php(1299): Illuminate\\Database\\Eloquent\\Model->insertAndSetId()
#10 /home/mathias/Escritorio/Archivos/SentinelOps/vendor/laravel/framework/src/Illuminate/Database/Eloquent/Model.php(1138): Illuminate\\Database\\Eloquent\\Model->performInsert()
#11 /home/mathias/Escritorio/Archivos/SentinelOps/vendor/laravel/framework/src/Illuminate/Database/Eloquent/Builder.php(1025): Illuminate\\Database\\Eloquent\\Model->save()
#12 /home/mathias/Escritorio/Archivos/SentinelOps/vendor/laravel/framework/src/Illuminate/Support/helpers.php(320): Illuminate\\Database\\Eloquent\\Builder->{closure:Illuminate\\Database\\Eloquent\\Builder::create():1024}()
#13 /home/mathias/Escritorio/Archivos/SentinelOps/vendor/laravel/framework/src/Illuminate/Database/Eloquent/Builder.php(1024): tap()
#14 /home/mathias/Escritorio/Archivos/SentinelOps/vendor/laravel/framework/src/Illuminate/Support/Traits/ForwardsCalls.php(23): Illuminate\\Database\\Eloquent\\Builder->create()
#15 /home/mathias/Escritorio/Archivos/SentinelOps/vendor/laravel/framework/src/Illuminate/Database/Eloquent/Model.php(2335): Illuminate\\Database\\Eloquent\\Model->forwardCallTo()
#16 /home/mathias/Escritorio/Archivos/SentinelOps/vendor/laravel/framework/src/Illuminate/Database/Eloquent/Model.php(2347): Illuminate\\Database\\Eloquent\\Model->__call()
#17 /home/mathias/Escritorio/Archivos/SentinelOps/database/seeders/UserSeeder.php(18): Illuminate\\Database\\Eloquent\\Model::__callStatic()
#18 /home/mathias/Escritorio/Archivos/SentinelOps/vendor/laravel/framework/src/Illuminate/Container/BoundMethod.php(36): Database\\Seeders\\UserSeeder->run()
#19 /home/mathias/Escritorio/Archivos/SentinelOps/vendor/laravel/framework/src/Illuminate/Container/Util.php(41): Illuminate\\Container\\BoundMethod::{closure:Illuminate\\Container\\BoundMethod::call():35}()
#20 /home/mathias/Escritorio/Archivos/SentinelOps/vendor/laravel/framework/src/Illuminate/Container/BoundMethod.php(93): Illuminate\\Container\\Util::unwrapIfClosure()
#21 /home/mathias/Escritorio/Archivos/SentinelOps/vendor/laravel/framework/src/Illuminate/Container/BoundMethod.php(35): Illuminate\\Container\\BoundMethod::callBoundMethod()
#22 /home/mathias/Escritorio/Archivos/SentinelOps/vendor/laravel/framework/src/Illuminate/Container/Container.php(662): Illuminate\\Container\\BoundMethod::call()
#23 /home/mathias/Escritorio/Archivos/SentinelOps/vendor/laravel/framework/src/Illuminate/Database/Seeder.php(184): Illuminate\\Container\\Container->call()
#24 /home/mathias/Escritorio/Archivos/SentinelOps/vendor/laravel/framework/src/Illuminate/Database/Seeder.php(193): Illuminate\\Database\\Seeder->{closure:Illuminate\\Database\\Seeder::__invoke():183}()
#25 /home/mathias/Escritorio/Archivos/SentinelOps/vendor/laravel/framework/src/Illuminate/Database/Seeder.php(61): Illuminate\\Database\\Seeder->__invoke()
#26 /home/mathias/Escritorio/Archivos/SentinelOps/database/seeders/DatabaseSeeder.php(14): Illuminate\\Database\\Seeder->call()
#27 /home/mathias/Escritorio/Archivos/SentinelOps/vendor/laravel/framework/src/Illuminate/Container/BoundMethod.php(36): Database\\Seeders\\DatabaseSeeder->run()
#28 /home/mathias/Escritorio/Archivos/SentinelOps/vendor/laravel/framework/src/Illuminate/Container/Util.php(41): Illuminate\\Container\\BoundMethod::{closure:Illuminate\\Container\\BoundMethod::call():35}()
#29 /home/mathias/Escritorio/Archivos/SentinelOps/vendor/laravel/framework/src/Illuminate/Container/BoundMethod.php(93): Illuminate\\Container\\Util::unwrapIfClosure()
#30 /home/mathias/Escritorio/Archivos/SentinelOps/vendor/laravel/framework/src/Illuminate/Container/BoundMethod.php(35): Illuminate\\Container\\BoundMethod::callBoundMethod()
#31 /home/mathias/Escritorio/Archivos/SentinelOps/vendor/laravel/framework/src/Illuminate/Container/Container.php(662): Illuminate\\Container\\BoundMethod::call()
#32 /home/mathias/Escritorio/Archivos/SentinelOps/vendor/laravel/framework/src/Illuminate/Database/Seeder.php(184): Illuminate\\Container\\Container->call()
#33 /home/mathias/Escritorio/Archivos/SentinelOps/vendor/laravel/framework/src/Illuminate/Database/Seeder.php(193): Illuminate\\Database\\Seeder->{closure:Illuminate\\Database\\Seeder::__invoke():183}()
#34 /home/mathias/Escritorio/Archivos/SentinelOps/vendor/laravel/framework/src/Illuminate/Database/Console/Seeds/SeedCommand.php(70): Illuminate\\Database\\Seeder->__invoke()
#35 /home/mathias/Escritorio/Archivos/SentinelOps/vendor/laravel/framework/src/Illuminate/Database/Eloquent/Concerns/GuardsAttributes.php(155): Illuminate\\Database\\Console\\Seeds\\SeedCommand->{closure:Illuminate\\Database\\Console\\Seeds\\SeedCommand::handle():69}()
#36 /home/mathias/Escritorio/Archivos/SentinelOps/vendor/laravel/framework/src/Illuminate/Database/Console/Seeds/SeedCommand.php(69): Illuminate\\Database\\Eloquent\\Model::unguarded()
#37 /home/mathias/Escritorio/Archivos/SentinelOps/vendor/laravel/framework/src/Illuminate/Container/BoundMethod.php(36): Illuminate\\Database\\Console\\Seeds\\SeedCommand->handle()
#38 /home/mathias/Escritorio/Archivos/SentinelOps/vendor/laravel/framework/src/Illuminate/Container/Util.php(41): Illuminate\\Container\\BoundMethod::{closure:Illuminate\\Container\\BoundMethod::call():35}()
#39 /home/mathias/Escritorio/Archivos/SentinelOps/vendor/laravel/framework/src/Illuminate/Container/BoundMethod.php(93): Illuminate\\Container\\Util::unwrapIfClosure()
#40 /home/mathias/Escritorio/Archivos/SentinelOps/vendor/laravel/framework/src/Illuminate/Container/BoundMethod.php(35): Illuminate\\Container\\BoundMethod::callBoundMethod()
#41 /home/mathias/Escritorio/Archivos/SentinelOps/vendor/laravel/framework/src/Illuminate/Container/Container.php(662): Illuminate\\Container\\BoundMethod::call()
#42 /home/mathias/Escritorio/Archivos/SentinelOps/vendor/laravel/framework/src/Illuminate/Console/Command.php(211): Illuminate\\Container\\Container->call()
#43 /home/mathias/Escritorio/Archivos/SentinelOps/vendor/symfony/console/Command/Command.php(326): Illuminate\\Console\\Command->execute()
#44 /home/mathias/Escritorio/Archivos/SentinelOps/vendor/laravel/framework/src/Illuminate/Console/Command.php(180): Symfony\\Component\\Console\\Command\\Command->run()
#45 /home/mathias/Escritorio/Archivos/SentinelOps/vendor/symfony/console/Application.php(1121): Illuminate\\Console\\Command->run()
#46 /home/mathias/Escritorio/Archivos/SentinelOps/vendor/symfony/console/Application.php(324): Symfony\\Component\\Console\\Application->doRunCommand()
#47 /home/mathias/Escritorio/Archivos/SentinelOps/vendor/symfony/console/Application.php(175): Symfony\\Component\\Console\\Application->doRun()
#48 /home/mathias/Escritorio/Archivos/SentinelOps/vendor/laravel/framework/src/Illuminate/Foundation/Console/Kernel.php(201): Symfony\\Component\\Console\\Application->run()
#49 /home/mathias/Escritorio/Archivos/SentinelOps/artisan(35): Illuminate\\Foundation\\Console\\Kernel->handle()
#50 {main}
"} 
